# File: VL_05.mat, Muscle: VL, Force Level: 5% MVC
# Plateau 1: 4.94s - 45.00s
# Plateau 2: 52.88s - 92.94s
# Plateau 3: 100.81s - 140.88s
# Plateau 4: 148.75s - 188.81s
# Values are spike times in seconds
Spike_Time,MU,Muscle,Force_Level,Plateau
4.939453125,1,VL,5,1
5.04169921875,1,VL,5,1
5.15810546875,1,VL,5,1
5.29755859375,1,VL,5,1
5.3935546875,1,VL,5,1
5.5126953125,1,VL,5,1
5.6205078125,1,VL,5,1
5.72724609375,1,VL,5,1
5.82353515625,1,VL,5,1
5.92197265625,1,VL,5,1
6.02177734375,1,VL,5,1
6.11689453125,1,VL,5,1
6.20849609375,1,VL,5,1
6.328515625,1,VL,5,1
6.43193359375,1,VL,5,1
6.51708984375,1,VL,5,1
6.6021484375,1,VL,5,1
6.70263671875,1,VL,5,1
6.78486328125,1,VL,5,1
6.88173828125,1,VL,5,1
6.98876953125,1,VL,5,1
7.07490234375,1,VL,5,1
7.16181640625,1,VL,5,1
7.251171875,1,VL,5,1
7.3302734375,1,VL,5,1
7.422265625,1,VL,5,1
7.5142578125,1,VL,5,1
7.623828125,1,VL,5,1
7.71484375,1,VL,5,1
7.7943359375,1,VL,5,1
7.90703125,1,VL,5,1
7.9875,1,VL,5,1
8.0720703125,1,VL,5,1
8.1619140625,1,VL,5,1
8.25498046875,1,VL,5,1
8.37802734375,1,VL,5,1
8.4662109375,1,VL,5,1
8.54775390625,1,VL,5,1
8.62939453125,1,VL,5,1
8.7083984375,1,VL,5,1
8.79453125,1,VL,5,1
8.88271484375,1,VL,5,1
8.966015625,1,VL,5,1
9.05166015625,1,VL,5,1
9.1408203125,1,VL,5,1
9.22822265625,1,VL,5,1
9.31806640625,1,VL,5,1
9.40712890625,1,VL,5,1
9.5048828125,1,VL,5,1
9.60234375,1,VL,5,1
9.6861328125,1,VL,5,1
9.77861328125,1,VL,5,1
9.87275390625,1,VL,5,1
9.971875,1,VL,5,1
10.06376953125,1,VL,5,1
10.16669921875,1,VL,5,1
10.2640625,1,VL,5,1
10.35771484375,1,VL,5,1
10.4619140625,1,VL,5,1
10.55322265625,1,VL,5,1
10.64091796875,1,VL,5,1
10.730078125,1,VL,5,1
10.823828125,1,VL,5,1
10.91494140625,1,VL,5,1
11.0109375,1,VL,5,1
11.10625,1,VL,5,1
11.20087890625,1,VL,5,1
11.32421875,1,VL,5,1
11.4185546875,1,VL,5,1
11.50966796875,1,VL,5,1
11.5927734375,1,VL,5,1
11.67685546875,1,VL,5,1
11.7630859375,1,VL,5,1
11.8638671875,1,VL,5,1
11.94345703125,1,VL,5,1
12.03076171875,1,VL,5,1
12.12890625,1,VL,5,1
12.21865234375,1,VL,5,1
12.31396484375,1,VL,5,1
12.4029296875,1,VL,5,1
12.4931640625,1,VL,5,1
12.5798828125,1,VL,5,1
12.67060546875,1,VL,5,1
12.77099609375,1,VL,5,1
12.86845703125,1,VL,5,1
12.96796875,1,VL,5,1
13.07783203125,1,VL,5,1
13.19189453125,1,VL,5,1
13.29033203125,1,VL,5,1
13.38759765625,1,VL,5,1
13.48779296875,1,VL,5,1
13.58388671875,1,VL,5,1
13.69775390625,1,VL,5,1
13.79521484375,1,VL,5,1
13.8849609375,1,VL,5,1
13.97587890625,1,VL,5,1
14.08642578125,1,VL,5,1
14.17880859375,1,VL,5,1
14.276171875,1,VL,5,1
14.36396484375,1,VL,5,1
14.48330078125,1,VL,5,1
14.58505859375,1,VL,5,1
14.6857421875,1,VL,5,1
14.77333984375,1,VL,5,1
14.87265625,1,VL,5,1
14.96484375,1,VL,5,1
15.0837890625,1,VL,5,1
15.17998046875,1,VL,5,1
15.26279296875,1,VL,5,1
15.36806640625,1,VL,5,1
15.46044921875,1,VL,5,1
15.55615234375,1,VL,5,1
15.64990234375,1,VL,5,1
15.7490234375,1,VL,5,1
15.83583984375,1,VL,5,1
15.93095703125,1,VL,5,1
16.02119140625,1,VL,5,1
16.1099609375,1,VL,5,1
16.21123046875,1,VL,5,1
16.3095703125,1,VL,5,1
16.4140625,1,VL,5,1
16.506640625,1,VL,5,1
16.60478515625,1,VL,5,1
16.70048828125,1,VL,5,1
16.79755859375,1,VL,5,1
16.90009765625,1,VL,5,1
17.00302734375,1,VL,5,1
17.14140625,1,VL,5,1
17.238671875,1,VL,5,1
17.33544921875,1,VL,5,1
17.4279296875,1,VL,5,1
17.52880859375,1,VL,5,1
17.64638671875,1,VL,5,1
17.72958984375,1,VL,5,1
17.8263671875,1,VL,5,1
17.89140625,1,VL,5,1
17.97919921875,1,VL,5,1
18.073046875,1,VL,5,1
18.1916015625,1,VL,5,1
18.28896484375,1,VL,5,1
18.371484375,1,VL,5,1
18.459375,1,VL,5,1
18.54716796875,1,VL,5,1
18.6390625,1,VL,5,1
18.7482421875,1,VL,5,1
18.83388671875,1,VL,5,1
18.924609375,1,VL,5,1
19.0185546875,1,VL,5,1
19.11162109375,1,VL,5,1
19.2162109375,1,VL,5,1
19.304296875,1,VL,5,1
19.3943359375,1,VL,5,1
19.47998046875,1,VL,5,1
19.58173828125,1,VL,5,1
19.6734375,1,VL,5,1
19.77705078125,1,VL,5,1
19.87158203125,1,VL,5,1
19.9638671875,1,VL,5,1
20.0650390625,1,VL,5,1
20.165625,1,VL,5,1
20.26591796875,1,VL,5,1
20.36611328125,1,VL,5,1
20.45224609375,1,VL,5,1
20.5546875,1,VL,5,1
20.64853515625,1,VL,5,1
20.751171875,1,VL,5,1
20.85634765625,1,VL,5,1
20.96787109375,1,VL,5,1
21.0681640625,1,VL,5,1
21.1515625,1,VL,5,1
21.244140625,1,VL,5,1
21.33525390625,1,VL,5,1
21.4384765625,1,VL,5,1
21.52236328125,1,VL,5,1
21.627734375,1,VL,5,1
21.7287109375,1,VL,5,1
21.83232421875,1,VL,5,1
21.93544921875,1,VL,5,1
22.046875,1,VL,5,1
22.145703125,1,VL,5,1
22.2544921875,1,VL,5,1
22.35634765625,1,VL,5,1
22.4689453125,1,VL,5,1
22.59873046875,1,VL,5,1
22.70693359375,1,VL,5,1
22.80927734375,1,VL,5,1
22.91943359375,1,VL,5,1
23.0611328125,1,VL,5,1
23.1708984375,1,VL,5,1
23.28193359375,1,VL,5,1
23.392578125,1,VL,5,1
23.499609375,1,VL,5,1
23.610546875,1,VL,5,1
23.71376953125,1,VL,5,1
23.8087890625,1,VL,5,1
23.91875,1,VL,5,1
24.01494140625,1,VL,5,1
24.1283203125,1,VL,5,1
24.23740234375,1,VL,5,1
24.35498046875,1,VL,5,1
24.44814453125,1,VL,5,1
24.56044921875,1,VL,5,1
24.67373046875,1,VL,5,1
24.79111328125,1,VL,5,1
24.89365234375,1,VL,5,1
25.01318359375,1,VL,5,1
25.11591796875,1,VL,5,1
25.23349609375,1,VL,5,1
25.33046875,1,VL,5,1
25.4322265625,1,VL,5,1
25.52548828125,1,VL,5,1
25.62177734375,1,VL,5,1
25.71884765625,1,VL,5,1
25.8107421875,1,VL,5,1
25.90419921875,1,VL,5,1
26.00986328125,1,VL,5,1
26.10244140625,1,VL,5,1
26.204296875,1,VL,5,1
26.3048828125,1,VL,5,1
26.4103515625,1,VL,5,1
26.509375,1,VL,5,1
26.6189453125,1,VL,5,1
26.72451171875,1,VL,5,1
26.822265625,1,VL,5,1
26.91767578125,1,VL,5,1
27.01787109375,1,VL,5,1
27.10478515625,1,VL,5,1
27.20341796875,1,VL,5,1
27.29833984375,1,VL,5,1
27.39267578125,1,VL,5,1
27.48642578125,1,VL,5,1
27.60341796875,1,VL,5,1
27.70546875,1,VL,5,1
27.81044921875,1,VL,5,1
27.91748046875,1,VL,5,1
28.02099609375,1,VL,5,1
28.120703125,1,VL,5,1
28.22744140625,1,VL,5,1
28.33603515625,1,VL,5,1
28.44775390625,1,VL,5,1
28.56484375,1,VL,5,1
28.67197265625,1,VL,5,1
28.78017578125,1,VL,5,1
28.8994140625,1,VL,5,1
29.022265625,1,VL,5,1
29.1279296875,1,VL,5,1
29.241015625,1,VL,5,1
29.35380859375,1,VL,5,1
29.4732421875,1,VL,5,1
29.57685546875,1,VL,5,1
29.69912109375,1,VL,5,1
29.82275390625,1,VL,5,1
29.9328125,1,VL,5,1
30.04853515625,1,VL,5,1
30.1609375,1,VL,5,1
30.28154296875,1,VL,5,1
30.3931640625,1,VL,5,1
30.51005859375,1,VL,5,1
30.61708984375,1,VL,5,1
30.7189453125,1,VL,5,1
30.83203125,1,VL,5,1
30.94580078125,1,VL,5,1
31.08203125,1,VL,5,1
31.19658203125,1,VL,5,1
31.3083984375,1,VL,5,1
31.41640625,1,VL,5,1
31.5265625,1,VL,5,1
31.62392578125,1,VL,5,1
31.7287109375,1,VL,5,1
31.82109375,1,VL,5,1
31.9150390625,1,VL,5,1
32.01572265625,1,VL,5,1
32.12587890625,1,VL,5,1
32.227734375,1,VL,5,1
32.337890625,1,VL,5,1
32.451171875,1,VL,5,1
32.5701171875,1,VL,5,1
32.6779296875,1,VL,5,1
32.780859375,1,VL,5,1
32.88740234375,1,VL,5,1
32.98984375,1,VL,5,1
33.09560546875,1,VL,5,1
33.20712890625,1,VL,5,1
33.318359375,1,VL,5,1
33.4275390625,1,VL,5,1
33.5341796875,1,VL,5,1
33.6521484375,1,VL,5,1
33.741796875,1,VL,5,1
33.84755859375,1,VL,5,1
33.933984375,1,VL,5,1
34.04267578125,1,VL,5,1
34.1416015625,1,VL,5,1
34.24853515625,1,VL,5,1
34.35625,1,VL,5,1
34.4671875,1,VL,5,1
34.5806640625,1,VL,5,1
34.68603515625,1,VL,5,1
34.79765625,1,VL,5,1
34.891015625,1,VL,5,1
35.01005859375,1,VL,5,1
35.13115234375,1,VL,5,1
35.22744140625,1,VL,5,1
35.34453125,1,VL,5,1
35.43896484375,1,VL,5,1
35.540234375,1,VL,5,1
35.65390625,1,VL,5,1
35.7685546875,1,VL,5,1
35.8916015625,1,VL,5,1
36.00078125,1,VL,5,1
36.105078125,1,VL,5,1
36.20966796875,1,VL,5,1
36.3115234375,1,VL,5,1
36.4240234375,1,VL,5,1
36.53466796875,1,VL,5,1
36.65908203125,1,VL,5,1
36.76826171875,1,VL,5,1
36.87431640625,1,VL,5,1
36.97001953125,1,VL,5,1
37.076953125,1,VL,5,1
37.190234375,1,VL,5,1
37.3130859375,1,VL,5,1
37.43330078125,1,VL,5,1
37.5373046875,1,VL,5,1
37.64501953125,1,VL,5,1
37.77763671875,1,VL,5,1
37.88447265625,1,VL,5,1
37.99267578125,1,VL,5,1
38.1017578125,1,VL,5,1
38.2017578125,1,VL,5,1
38.31171875,1,VL,5,1
38.4291015625,1,VL,5,1
38.53564453125,1,VL,5,1
38.65888671875,1,VL,5,1
38.785546875,1,VL,5,1
38.8859375,1,VL,5,1
39.0095703125,1,VL,5,1
39.12421875,1,VL,5,1
39.229296875,1,VL,5,1
39.3484375,1,VL,5,1
39.4671875,1,VL,5,1
39.58427734375,1,VL,5,1
39.68837890625,1,VL,5,1
39.80341796875,1,VL,5,1
39.9625,1,VL,5,1
40.06484375,1,VL,5,1
40.17255859375,1,VL,5,1
40.284375,1,VL,5,1
40.413671875,1,VL,5,1
40.5294921875,1,VL,5,1
40.63955078125,1,VL,5,1
40.76396484375,1,VL,5,1
40.871484375,1,VL,5,1
40.98740234375,1,VL,5,1
41.10078125,1,VL,5,1
41.21591796875,1,VL,5,1
41.32744140625,1,VL,5,1
41.44296875,1,VL,5,1
41.560546875,1,VL,5,1
41.67119140625,1,VL,5,1
41.77548828125,1,VL,5,1
41.87998046875,1,VL,5,1
42.00341796875,1,VL,5,1
42.1169921875,1,VL,5,1
42.2291015625,1,VL,5,1
42.3521484375,1,VL,5,1
42.46162109375,1,VL,5,1
42.57197265625,1,VL,5,1
42.6720703125,1,VL,5,1
42.788671875,1,VL,5,1
42.90732421875,1,VL,5,1
43.016015625,1,VL,5,1
43.12783203125,1,VL,5,1
43.2291015625,1,VL,5,1
43.34853515625,1,VL,5,1
43.4615234375,1,VL,5,1
43.57353515625,1,VL,5,1
43.68486328125,1,VL,5,1
43.791796875,1,VL,5,1
43.911328125,1,VL,5,1
44.02216796875,1,VL,5,1
44.14052734375,1,VL,5,1
44.25302734375,1,VL,5,1
44.3630859375,1,VL,5,1
44.47353515625,1,VL,5,1
44.599609375,1,VL,5,1
44.71708984375,1,VL,5,1
44.87626953125,1,VL,5,1
4.9603515625,2,VL,5,1
5.1560546875,2,VL,5,1
5.3169921875,2,VL,5,1
5.4384765625,2,VL,5,1
5.589453125,2,VL,5,1
5.7779296875,2,VL,5,1
5.878125,2,VL,5,1
6.00107421875,2,VL,5,1
6.116015625,2,VL,5,1
6.22373046875,2,VL,5,1
6.39296875,2,VL,5,1
6.4990234375,2,VL,5,1
6.616015625,2,VL,5,1
6.72060546875,2,VL,5,1
6.82099609375,2,VL,5,1
6.93291015625,2,VL,5,1
7.04814453125,2,VL,5,1
7.1599609375,2,VL,5,1
7.26435546875,2,VL,5,1
7.403515625,2,VL,5,1
7.52138671875,2,VL,5,1
7.64443359375,2,VL,5,1
7.75224609375,2,VL,5,1
7.8921875,2,VL,5,1
7.98916015625,2,VL,5,1
8.10908203125,2,VL,5,1
8.2333984375,2,VL,5,1
8.41171875,2,VL,5,1
8.5142578125,2,VL,5,1
8.63623046875,2,VL,5,1
8.76298828125,2,VL,5,1
8.8857421875,2,VL,5,1
8.98759765625,2,VL,5,1
9.0990234375,2,VL,5,1
9.2333984375,2,VL,5,1
9.33271484375,2,VL,5,1
9.47783203125,2,VL,5,1
9.65625,2,VL,5,1
9.8083984375,2,VL,5,1
9.9171875,2,VL,5,1
10.01689453125,2,VL,5,1
10.15478515625,2,VL,5,1
10.263671875,2,VL,5,1
10.4091796875,2,VL,5,1
10.5251953125,2,VL,5,1
10.64951171875,2,VL,5,1
10.775,2,VL,5,1
10.87548828125,2,VL,5,1
11.03271484375,2,VL,5,1
11.20009765625,2,VL,5,1
11.42138671875,2,VL,5,1
11.54775390625,2,VL,5,1
11.69267578125,2,VL,5,1
11.80537109375,2,VL,5,1
11.9380859375,2,VL,5,1
12.08408203125,2,VL,5,1
12.221484375,2,VL,5,1
12.35126953125,2,VL,5,1
12.487109375,2,VL,5,1
12.61533203125,2,VL,5,1
12.7708984375,2,VL,5,1
12.9138671875,2,VL,5,1
13.11494140625,2,VL,5,1
13.23798828125,2,VL,5,1
13.364453125,2,VL,5,1
13.48310546875,2,VL,5,1
13.5966796875,2,VL,5,1
13.72783203125,2,VL,5,1
13.84482421875,2,VL,5,1
13.959765625,2,VL,5,1
14.081640625,2,VL,5,1
14.20087890625,2,VL,5,1
14.32197265625,2,VL,5,1
14.4435546875,2,VL,5,1
14.55224609375,2,VL,5,1
14.66171875,2,VL,5,1
14.76630859375,2,VL,5,1
14.884765625,2,VL,5,1
14.994921875,2,VL,5,1
15.141015625,2,VL,5,1
15.25537109375,2,VL,5,1
15.36923828125,2,VL,5,1
15.48505859375,2,VL,5,1
15.61328125,2,VL,5,1
15.7361328125,2,VL,5,1
15.84853515625,2,VL,5,1
15.97158203125,2,VL,5,1
16.0875,2,VL,5,1
16.21103515625,2,VL,5,1
16.3326171875,2,VL,5,1
16.45146484375,2,VL,5,1
16.583984375,2,VL,5,1
16.71083984375,2,VL,5,1
16.85234375,2,VL,5,1
16.990625,2,VL,5,1
17.1443359375,2,VL,5,1
17.26494140625,2,VL,5,1
17.37568359375,2,VL,5,1
17.5103515625,2,VL,5,1
17.67890625,2,VL,5,1
17.7873046875,2,VL,5,1
17.9294921875,2,VL,5,1
18.04931640625,2,VL,5,1
18.22431640625,2,VL,5,1
18.3390625,2,VL,5,1
18.462890625,2,VL,5,1
18.58701171875,2,VL,5,1
18.77890625,2,VL,5,1
18.89423828125,2,VL,5,1
19.0232421875,2,VL,5,1
19.173828125,2,VL,5,1
19.31162109375,2,VL,5,1
19.437109375,2,VL,5,1
19.5619140625,2,VL,5,1
19.71123046875,2,VL,5,1
19.83984375,2,VL,5,1
19.967578125,2,VL,5,1
20.116015625,2,VL,5,1
20.25947265625,2,VL,5,1
20.382421875,2,VL,5,1
20.4998046875,2,VL,5,1
20.62021484375,2,VL,5,1
20.75185546875,2,VL,5,1
20.88291015625,2,VL,5,1
21.00908203125,2,VL,5,1
21.14658203125,2,VL,5,1
21.2609375,2,VL,5,1
21.37587890625,2,VL,5,1
21.4958984375,2,VL,5,1
21.6103515625,2,VL,5,1
21.72314453125,2,VL,5,1
21.85400390625,2,VL,5,1
21.98427734375,2,VL,5,1
22.10498046875,2,VL,5,1
22.2412109375,2,VL,5,1
22.39091796875,2,VL,5,1
22.5498046875,2,VL,5,1
22.66455078125,2,VL,5,1
22.79111328125,2,VL,5,1
22.9296875,2,VL,5,1
23.07197265625,2,VL,5,1
23.19306640625,2,VL,5,1
23.33662109375,2,VL,5,1
23.4794921875,2,VL,5,1
23.59814453125,2,VL,5,1
23.73583984375,2,VL,5,1
23.8390625,2,VL,5,1
24.00048828125,2,VL,5,1
24.11201171875,2,VL,5,1
24.26171875,2,VL,5,1
24.39609375,2,VL,5,1
24.5173828125,2,VL,5,1
24.651953125,2,VL,5,1
24.7779296875,2,VL,5,1
24.92978515625,2,VL,5,1
25.05546875,2,VL,5,1
25.183203125,2,VL,5,1
25.31982421875,2,VL,5,1
25.4357421875,2,VL,5,1
25.5720703125,2,VL,5,1
25.70224609375,2,VL,5,1
25.82333984375,2,VL,5,1
25.958203125,2,VL,5,1
26.0853515625,2,VL,5,1
26.25791015625,2,VL,5,1
26.3880859375,2,VL,5,1
26.523828125,2,VL,5,1
26.67646484375,2,VL,5,1
26.78896484375,2,VL,5,1
26.9185546875,2,VL,5,1
27.0505859375,2,VL,5,1
27.20126953125,2,VL,5,1
27.35595703125,2,VL,5,1
27.49306640625,2,VL,5,1
27.65361328125,2,VL,5,1
27.7861328125,2,VL,5,1
27.9158203125,2,VL,5,1
28.057421875,2,VL,5,1
28.19228515625,2,VL,5,1
28.3451171875,2,VL,5,1
28.4765625,2,VL,5,1
28.6388671875,2,VL,5,1
28.78779296875,2,VL,5,1
28.9333984375,2,VL,5,1
29.0869140625,2,VL,5,1
29.22744140625,2,VL,5,1
29.358984375,2,VL,5,1
29.51171875,2,VL,5,1
29.665625,2,VL,5,1
29.82275390625,2,VL,5,1
29.9498046875,2,VL,5,1
30.0896484375,2,VL,5,1
30.24189453125,2,VL,5,1
30.38916015625,2,VL,5,1
30.52138671875,2,VL,5,1
30.6544921875,2,VL,5,1
30.79111328125,2,VL,5,1
30.91845703125,2,VL,5,1
31.0740234375,2,VL,5,1
31.19921875,2,VL,5,1
31.33330078125,2,VL,5,1
31.46923828125,2,VL,5,1
31.59189453125,2,VL,5,1
31.72060546875,2,VL,5,1
31.86962890625,2,VL,5,1
32.01005859375,2,VL,5,1
32.149609375,2,VL,5,1
32.28232421875,2,VL,5,1
32.42822265625,2,VL,5,1
32.55810546875,2,VL,5,1
32.6896484375,2,VL,5,1
32.8337890625,2,VL,5,1
32.97998046875,2,VL,5,1
33.11513671875,2,VL,5,1
33.2751953125,2,VL,5,1
33.40703125,2,VL,5,1
33.5607421875,2,VL,5,1
33.7146484375,2,VL,5,1
33.85478515625,2,VL,5,1
33.976953125,2,VL,5,1
34.10673828125,2,VL,5,1
34.2375,2,VL,5,1
34.384765625,2,VL,5,1
34.51318359375,2,VL,5,1
34.642578125,2,VL,5,1
34.77255859375,2,VL,5,1
34.9025390625,2,VL,5,1
35.0529296875,2,VL,5,1
35.19736328125,2,VL,5,1
35.31787109375,2,VL,5,1
35.45625,2,VL,5,1
35.60537109375,2,VL,5,1
35.77021484375,2,VL,5,1
35.9201171875,2,VL,5,1
36.06767578125,2,VL,5,1
36.19208984375,2,VL,5,1
36.35029296875,2,VL,5,1
36.494921875,2,VL,5,1
36.66552734375,2,VL,5,1
36.79892578125,2,VL,5,1
36.916796875,2,VL,5,1
37.0470703125,2,VL,5,1
37.20458984375,2,VL,5,1
37.3474609375,2,VL,5,1
37.4859375,2,VL,5,1
37.63134765625,2,VL,5,1
37.75009765625,2,VL,5,1
37.9041015625,2,VL,5,1
38.0279296875,2,VL,5,1
38.1607421875,2,VL,5,1
38.29013671875,2,VL,5,1
38.45439453125,2,VL,5,1
38.57470703125,2,VL,5,1
38.70556640625,2,VL,5,1
38.84482421875,2,VL,5,1
38.97333984375,2,VL,5,1
39.1234375,2,VL,5,1
39.2603515625,2,VL,5,1
39.3908203125,2,VL,5,1
39.53046875,2,VL,5,1
39.6748046875,2,VL,5,1
39.82236328125,2,VL,5,1
39.9666015625,2,VL,5,1
40.10673828125,2,VL,5,1
40.25009765625,2,VL,5,1
40.4220703125,2,VL,5,1
40.56591796875,2,VL,5,1
40.70517578125,2,VL,5,1
40.85634765625,2,VL,5,1
41.0001953125,2,VL,5,1
41.1306640625,2,VL,5,1
41.26142578125,2,VL,5,1
41.40986328125,2,VL,5,1
41.53603515625,2,VL,5,1
41.678125,2,VL,5,1
41.82939453125,2,VL,5,1
41.96279296875,2,VL,5,1
42.119140625,2,VL,5,1
42.25283203125,2,VL,5,1
42.41708984375,2,VL,5,1
42.55087890625,2,VL,5,1
42.69140625,2,VL,5,1
42.819921875,2,VL,5,1
42.96611328125,2,VL,5,1
43.09560546875,2,VL,5,1
43.24111328125,2,VL,5,1
43.39482421875,2,VL,5,1
43.53828125,2,VL,5,1
43.68056640625,2,VL,5,1
43.81728515625,2,VL,5,1
43.96953125,2,VL,5,1
44.11162109375,2,VL,5,1
44.2455078125,2,VL,5,1
44.378125,2,VL,5,1
44.52822265625,2,VL,5,1
44.68798828125,2,VL,5,1
5.062109375,3,VL,5,1
5.2005859375,3,VL,5,1
5.34345703125,3,VL,5,1
5.5201171875,3,VL,5,1
5.6587890625,3,VL,5,1
5.761328125,3,VL,5,1
5.87607421875,3,VL,5,1
5.9841796875,3,VL,5,1
6.0943359375,3,VL,5,1
6.20048828125,3,VL,5,1
6.32685546875,3,VL,5,1
6.44658203125,3,VL,5,1
6.54853515625,3,VL,5,1
6.65185546875,3,VL,5,1
6.7556640625,3,VL,5,1
6.8517578125,3,VL,5,1
6.962109375,3,VL,5,1
7.0708984375,3,VL,5,1
7.17021484375,3,VL,5,1
7.26376953125,3,VL,5,1
7.35087890625,3,VL,5,1
7.45537109375,3,VL,5,1
7.5966796875,3,VL,5,1
7.69423828125,3,VL,5,1
7.79326171875,3,VL,5,1
7.91259765625,3,VL,5,1
8.00224609375,3,VL,5,1
8.108203125,3,VL,5,1
8.2080078125,3,VL,5,1
8.36484375,3,VL,5,1
8.4705078125,3,VL,5,1
8.56767578125,3,VL,5,1
8.6744140625,3,VL,5,1
8.77763671875,3,VL,5,1
8.876953125,3,VL,5,1
8.98251953125,3,VL,5,1
9.09296875,3,VL,5,1
9.198828125,3,VL,5,1
9.30185546875,3,VL,5,1
9.40732421875,3,VL,5,1
9.51474609375,3,VL,5,1
9.635546875,3,VL,5,1
9.75,3,VL,5,1
9.86474609375,3,VL,5,1
9.965625,3,VL,5,1
10.0701171875,3,VL,5,1
10.1689453125,3,VL,5,1
10.27802734375,3,VL,5,1
10.39248046875,3,VL,5,1
10.50224609375,3,VL,5,1
10.60849609375,3,VL,5,1
10.7201171875,3,VL,5,1
10.830078125,3,VL,5,1
10.9322265625,3,VL,5,1
11.051171875,3,VL,5,1
11.1740234375,3,VL,5,1
11.29931640625,3,VL,5,1
11.3927734375,3,VL,5,1
11.48955078125,3,VL,5,1
11.58232421875,3,VL,5,1
11.6830078125,3,VL,5,1
11.78759765625,3,VL,5,1
11.8890625,3,VL,5,1
11.99912109375,3,VL,5,1
12.097265625,3,VL,5,1
12.1904296875,3,VL,5,1
12.29521484375,3,VL,5,1
12.38544921875,3,VL,5,1
12.4890625,3,VL,5,1
12.5916015625,3,VL,5,1
12.70625,3,VL,5,1
12.8080078125,3,VL,5,1
12.923828125,3,VL,5,1
13.03193359375,3,VL,5,1
13.15,3,VL,5,1
13.25615234375,3,VL,5,1
13.371484375,3,VL,5,1
13.47978515625,3,VL,5,1
13.58505859375,3,VL,5,1
13.72392578125,3,VL,5,1
13.82421875,3,VL,5,1
13.9279296875,3,VL,5,1
14.03857421875,3,VL,5,1
14.14609375,3,VL,5,1
14.25693359375,3,VL,5,1
14.36455078125,3,VL,5,1
14.47734375,3,VL,5,1
14.5822265625,3,VL,5,1
14.69677734375,3,VL,5,1
14.7982421875,3,VL,5,1
14.89716796875,3,VL,5,1
15.01953125,3,VL,5,1
15.12685546875,3,VL,5,1
15.22373046875,3,VL,5,1
15.326171875,3,VL,5,1
15.43447265625,3,VL,5,1
15.5392578125,3,VL,5,1
15.64326171875,3,VL,5,1
15.74462890625,3,VL,5,1
15.84853515625,3,VL,5,1
15.949609375,3,VL,5,1
16.039453125,3,VL,5,1
16.13828125,3,VL,5,1
16.23447265625,3,VL,5,1
16.3380859375,3,VL,5,1
16.44306640625,3,VL,5,1
16.55595703125,3,VL,5,1
16.66220703125,3,VL,5,1
16.7740234375,3,VL,5,1
16.87978515625,3,VL,5,1
16.99658203125,3,VL,5,1
17.11435546875,3,VL,5,1
17.21787109375,3,VL,5,1
17.32021484375,3,VL,5,1
17.42021484375,3,VL,5,1
17.51513671875,3,VL,5,1
17.6431640625,3,VL,5,1
17.73857421875,3,VL,5,1
17.8388671875,3,VL,5,1
17.94033203125,3,VL,5,1
18.04287109375,3,VL,5,1
18.17783203125,3,VL,5,1
18.28154296875,3,VL,5,1
18.38505859375,3,VL,5,1
18.47841796875,3,VL,5,1
18.5822265625,3,VL,5,1
18.69306640625,3,VL,5,1
18.79970703125,3,VL,5,1
18.9029296875,3,VL,5,1
18.9974609375,3,VL,5,1
19.112890625,3,VL,5,1
19.21328125,3,VL,5,1
19.31484375,3,VL,5,1
19.4109375,3,VL,5,1
19.513671875,3,VL,5,1
19.61806640625,3,VL,5,1
19.73212890625,3,VL,5,1
19.8490234375,3,VL,5,1
19.95390625,3,VL,5,1
20.06708984375,3,VL,5,1
20.1763671875,3,VL,5,1
20.28486328125,3,VL,5,1
20.39736328125,3,VL,5,1
20.49755859375,3,VL,5,1
20.60673828125,3,VL,5,1
20.715234375,3,VL,5,1
20.82939453125,3,VL,5,1
20.92978515625,3,VL,5,1
21.03037109375,3,VL,5,1
21.14326171875,3,VL,5,1
21.2474609375,3,VL,5,1
21.35205078125,3,VL,5,1
21.45556640625,3,VL,5,1
21.5640625,3,VL,5,1
21.66220703125,3,VL,5,1
21.78193359375,3,VL,5,1
21.90029296875,3,VL,5,1
22.009765625,3,VL,5,1
22.1251953125,3,VL,5,1
22.24951171875,3,VL,5,1
22.37080078125,3,VL,5,1
22.5076171875,3,VL,5,1
22.61728515625,3,VL,5,1
22.72265625,3,VL,5,1
22.84697265625,3,VL,5,1
22.97724609375,3,VL,5,1
23.09052734375,3,VL,5,1
23.20185546875,3,VL,5,1
23.32021484375,3,VL,5,1
23.43779296875,3,VL,5,1
23.5619140625,3,VL,5,1
23.67236328125,3,VL,5,1
23.77998046875,3,VL,5,1
23.88994140625,3,VL,5,1
23.99990234375,3,VL,5,1
24.116796875,3,VL,5,1
24.2283203125,3,VL,5,1
24.34111328125,3,VL,5,1
24.4525390625,3,VL,5,1
24.57216796875,3,VL,5,1
24.69326171875,3,VL,5,1
24.8009765625,3,VL,5,1
24.94228515625,3,VL,5,1
25.06171875,3,VL,5,1
25.1958984375,3,VL,5,1
25.30703125,3,VL,5,1
25.42294921875,3,VL,5,1
25.53251953125,3,VL,5,1
25.65546875,3,VL,5,1
25.76611328125,3,VL,5,1
25.88310546875,3,VL,5,1
26.009375,3,VL,5,1
26.12080078125,3,VL,5,1
26.24365234375,3,VL,5,1
26.36298828125,3,VL,5,1
26.471875,3,VL,5,1
26.58232421875,3,VL,5,1
26.695703125,3,VL,5,1
26.81943359375,3,VL,5,1
26.933984375,3,VL,5,1
27.03447265625,3,VL,5,1
27.13974609375,3,VL,5,1
27.2564453125,3,VL,5,1
27.36328125,3,VL,5,1
27.4759765625,3,VL,5,1
27.59931640625,3,VL,5,1
27.7228515625,3,VL,5,1
27.82666015625,3,VL,5,1
27.93828125,3,VL,5,1
28.0595703125,3,VL,5,1
28.16484375,3,VL,5,1
28.27822265625,3,VL,5,1
28.4,3,VL,5,1
28.5259765625,3,VL,5,1
28.64541015625,3,VL,5,1
28.75615234375,3,VL,5,1
28.87314453125,3,VL,5,1
29.003125,3,VL,5,1
29.1189453125,3,VL,5,1
29.23994140625,3,VL,5,1
29.36259765625,3,VL,5,1
29.4796875,3,VL,5,1
29.61103515625,3,VL,5,1
29.7259765625,3,VL,5,1
29.85732421875,3,VL,5,1
29.97607421875,3,VL,5,1
30.10595703125,3,VL,5,1
30.23857421875,3,VL,5,1
30.35947265625,3,VL,5,1
30.4830078125,3,VL,5,1
30.60458984375,3,VL,5,1
30.71416015625,3,VL,5,1
30.83154296875,3,VL,5,1
30.9423828125,3,VL,5,1
31.08359375,3,VL,5,1
31.1955078125,3,VL,5,1
31.31650390625,3,VL,5,1
31.43525390625,3,VL,5,1
31.5548828125,3,VL,5,1
31.67109375,3,VL,5,1
31.8060546875,3,VL,5,1
31.92021484375,3,VL,5,1
32.05888671875,3,VL,5,1
32.1732421875,3,VL,5,1
32.305859375,3,VL,5,1
32.44560546875,3,VL,5,1
32.566796875,3,VL,5,1
32.69228515625,3,VL,5,1
32.8021484375,3,VL,5,1
32.93271484375,3,VL,5,1
33.05283203125,3,VL,5,1
33.174609375,3,VL,5,1
33.292578125,3,VL,5,1
33.4201171875,3,VL,5,1
33.54384765625,3,VL,5,1
33.66162109375,3,VL,5,1
33.77529296875,3,VL,5,1
33.8869140625,3,VL,5,1
34.00380859375,3,VL,5,1
34.115234375,3,VL,5,1
34.23369140625,3,VL,5,1
34.35361328125,3,VL,5,1
34.47265625,3,VL,5,1
34.59443359375,3,VL,5,1
34.726171875,3,VL,5,1
34.84072265625,3,VL,5,1
34.95849609375,3,VL,5,1
35.0806640625,3,VL,5,1
35.19384765625,3,VL,5,1
35.31591796875,3,VL,5,1
35.42294921875,3,VL,5,1
35.538671875,3,VL,5,1
35.67568359375,3,VL,5,1
35.809765625,3,VL,5,1
35.9314453125,3,VL,5,1
36.04541015625,3,VL,5,1
36.17431640625,3,VL,5,1
36.30302734375,3,VL,5,1
36.4263671875,3,VL,5,1
36.54345703125,3,VL,5,1
36.68603515625,3,VL,5,1
36.79736328125,3,VL,5,1
36.9048828125,3,VL,5,1
37.0119140625,3,VL,5,1
37.1287109375,3,VL,5,1
37.25244140625,3,VL,5,1
37.38203125,3,VL,5,1
37.50244140625,3,VL,5,1
37.62099609375,3,VL,5,1
37.74453125,3,VL,5,1
37.88125,3,VL,5,1
38.0013671875,3,VL,5,1
38.12158203125,3,VL,5,1
38.2439453125,3,VL,5,1
38.365234375,3,VL,5,1
38.4794921875,3,VL,5,1
38.60732421875,3,VL,5,1
38.7587890625,3,VL,5,1
38.87919921875,3,VL,5,1
38.99287109375,3,VL,5,1
39.10947265625,3,VL,5,1
39.22646484375,3,VL,5,1
39.3572265625,3,VL,5,1
39.49384765625,3,VL,5,1
39.61201171875,3,VL,5,1
39.7369140625,3,VL,5,1
39.85751953125,3,VL,5,1
39.9931640625,3,VL,5,1
40.1017578125,3,VL,5,1
40.22890625,3,VL,5,1
40.34560546875,3,VL,5,1
40.46416015625,3,VL,5,1
40.59150390625,3,VL,5,1
40.71552734375,3,VL,5,1
40.84052734375,3,VL,5,1
40.98212890625,3,VL,5,1
41.10263671875,3,VL,5,1
41.2302734375,3,VL,5,1
41.35263671875,3,VL,5,1
41.47587890625,3,VL,5,1
41.6009765625,3,VL,5,1
41.72607421875,3,VL,5,1
41.85166015625,3,VL,5,1
41.980078125,3,VL,5,1
42.10927734375,3,VL,5,1
42.237109375,3,VL,5,1
42.35830078125,3,VL,5,1
42.4880859375,3,VL,5,1
42.611328125,3,VL,5,1
42.72568359375,3,VL,5,1
42.8607421875,3,VL,5,1
42.98427734375,3,VL,5,1
43.109765625,3,VL,5,1
43.2341796875,3,VL,5,1
43.35576171875,3,VL,5,1
43.486328125,3,VL,5,1
43.61845703125,3,VL,5,1
43.73544921875,3,VL,5,1
43.8541015625,3,VL,5,1
43.98056640625,3,VL,5,1
44.11162109375,3,VL,5,1
44.24560546875,3,VL,5,1
44.372265625,3,VL,5,1
44.49580078125,3,VL,5,1
44.63759765625,3,VL,5,1
52.93125,1,VL,5,2
53.03095703125,1,VL,5,2
53.11552734375,1,VL,5,2
53.20107421875,1,VL,5,2
53.290625,1,VL,5,2
53.3751953125,1,VL,5,2
53.4517578125,1,VL,5,2
53.536328125,1,VL,5,2
53.6458984375,1,VL,5,2
53.72919921875,1,VL,5,2
53.81865234375,1,VL,5,2
53.905078125,1,VL,5,2
53.9869140625,1,VL,5,2
54.072265625,1,VL,5,2
54.14716796875,1,VL,5,2
54.22978515625,1,VL,5,2
54.31259765625,1,VL,5,2
54.39365234375,1,VL,5,2
54.4935546875,1,VL,5,2
54.5755859375,1,VL,5,2
54.67626953125,1,VL,5,2
54.77265625,1,VL,5,2
54.866796875,1,VL,5,2
54.960546875,1,VL,5,2
55.0458984375,1,VL,5,2
55.1353515625,1,VL,5,2
55.22216796875,1,VL,5,2
55.3212890625,1,VL,5,2
55.411328125,1,VL,5,2
55.4982421875,1,VL,5,2
55.5919921875,1,VL,5,2
55.67822265625,1,VL,5,2
55.766015625,1,VL,5,2
55.86220703125,1,VL,5,2
55.9384765625,1,VL,5,2
56.01474609375,1,VL,5,2
56.1076171875,1,VL,5,2
56.18955078125,1,VL,5,2
56.278515625,1,VL,5,2
56.37783203125,1,VL,5,2
56.4681640625,1,VL,5,2
56.55439453125,1,VL,5,2
56.63974609375,1,VL,5,2
56.72685546875,1,VL,5,2
56.80703125,1,VL,5,2
56.90107421875,1,VL,5,2
56.991015625,1,VL,5,2
57.07060546875,1,VL,5,2
57.15263671875,1,VL,5,2
57.24833984375,1,VL,5,2
57.336328125,1,VL,5,2
57.4208984375,1,VL,5,2
57.5068359375,1,VL,5,2
57.6326171875,1,VL,5,2
57.718359375,1,VL,5,2
57.80361328125,1,VL,5,2
57.8875,1,VL,5,2
57.9744140625,1,VL,5,2
58.06640625,1,VL,5,2
58.15966796875,1,VL,5,2
58.2484375,1,VL,5,2
58.3376953125,1,VL,5,2
58.42197265625,1,VL,5,2
58.5056640625,1,VL,5,2
58.58759765625,1,VL,5,2
58.6779296875,1,VL,5,2
58.75673828125,1,VL,5,2
58.83759765625,1,VL,5,2
58.91904296875,1,VL,5,2
59.0171875,1,VL,5,2
59.1130859375,1,VL,5,2
59.2046875,1,VL,5,2
59.29560546875,1,VL,5,2
59.38974609375,1,VL,5,2
59.47958984375,1,VL,5,2
59.5650390625,1,VL,5,2
59.656640625,1,VL,5,2
59.74111328125,1,VL,5,2
59.8373046875,1,VL,5,2
59.9181640625,1,VL,5,2
60.00517578125,1,VL,5,2
60.0896484375,1,VL,5,2
60.17197265625,1,VL,5,2
60.26220703125,1,VL,5,2
60.3529296875,1,VL,5,2
60.446484375,1,VL,5,2
60.5314453125,1,VL,5,2
60.619921875,1,VL,5,2
60.7236328125,1,VL,5,2
60.80751953125,1,VL,5,2
60.8953125,1,VL,5,2
60.99697265625,1,VL,5,2
61.07666015625,1,VL,5,2
61.16005859375,1,VL,5,2
61.25263671875,1,VL,5,2
61.3419921875,1,VL,5,2
61.425390625,1,VL,5,2
61.51552734375,1,VL,5,2
61.60361328125,1,VL,5,2
61.68359375,1,VL,5,2
61.76787109375,1,VL,5,2
61.857421875,1,VL,5,2
61.95185546875,1,VL,5,2
62.0431640625,1,VL,5,2
62.13017578125,1,VL,5,2
62.2166015625,1,VL,5,2
62.3126953125,1,VL,5,2
62.40205078125,1,VL,5,2
62.4921875,1,VL,5,2
62.57626953125,1,VL,5,2
62.65654296875,1,VL,5,2
62.7431640625,1,VL,5,2
62.834765625,1,VL,5,2
62.919140625,1,VL,5,2
63.00283203125,1,VL,5,2
63.096484375,1,VL,5,2
63.18837890625,1,VL,5,2
63.26845703125,1,VL,5,2
63.36787109375,1,VL,5,2
63.4568359375,1,VL,5,2
63.55126953125,1,VL,5,2
63.64931640625,1,VL,5,2
63.74375,1,VL,5,2
63.8388671875,1,VL,5,2
63.94765625,1,VL,5,2
64.04287109375,1,VL,5,2
64.12783203125,1,VL,5,2
64.2232421875,1,VL,5,2
64.312890625,1,VL,5,2
64.39677734375,1,VL,5,2
64.4763671875,1,VL,5,2
64.5611328125,1,VL,5,2
64.6517578125,1,VL,5,2
64.74287109375,1,VL,5,2
64.8287109375,1,VL,5,2
64.9171875,1,VL,5,2
65.00810546875,1,VL,5,2
65.10439453125,1,VL,5,2
65.206640625,1,VL,5,2
65.3041015625,1,VL,5,2
65.39853515625,1,VL,5,2
65.4939453125,1,VL,5,2
65.58515625,1,VL,5,2
65.69208984375,1,VL,5,2
65.80634765625,1,VL,5,2
65.90263671875,1,VL,5,2
66.01376953125,1,VL,5,2
66.10654296875,1,VL,5,2
66.20341796875,1,VL,5,2
66.30419921875,1,VL,5,2
66.40400390625,1,VL,5,2
66.49619140625,1,VL,5,2
66.58876953125,1,VL,5,2
66.69609375,1,VL,5,2
66.81279296875,1,VL,5,2
66.90546875,1,VL,5,2
67.00615234375,1,VL,5,2
67.10791015625,1,VL,5,2
67.2044921875,1,VL,5,2
67.30302734375,1,VL,5,2
67.39677734375,1,VL,5,2
67.487890625,1,VL,5,2
67.57978515625,1,VL,5,2
67.68486328125,1,VL,5,2
67.7765625,1,VL,5,2
67.871484375,1,VL,5,2
67.97177734375,1,VL,5,2
68.05458984375,1,VL,5,2
68.14638671875,1,VL,5,2
68.2369140625,1,VL,5,2
68.32373046875,1,VL,5,2
68.42783203125,1,VL,5,2
68.52431640625,1,VL,5,2
68.6001953125,1,VL,5,2
68.69296875,1,VL,5,2
68.78759765625,1,VL,5,2
68.88154296875,1,VL,5,2
68.9677734375,1,VL,5,2
69.055859375,1,VL,5,2
69.14873046875,1,VL,5,2
69.24365234375,1,VL,5,2
69.3322265625,1,VL,5,2
69.4234375,1,VL,5,2
69.5115234375,1,VL,5,2
69.60205078125,1,VL,5,2
69.69072265625,1,VL,5,2
69.76962890625,1,VL,5,2
69.86279296875,1,VL,5,2
69.96103515625,1,VL,5,2
70.046875,1,VL,5,2
70.1416015625,1,VL,5,2
70.23916015625,1,VL,5,2
70.33671875,1,VL,5,2
70.43447265625,1,VL,5,2
70.5185546875,1,VL,5,2
70.62080078125,1,VL,5,2
70.71298828125,1,VL,5,2
70.8015625,1,VL,5,2
70.88935546875,1,VL,5,2
70.9876953125,1,VL,5,2
71.091015625,1,VL,5,2
71.19404296875,1,VL,5,2
71.285546875,1,VL,5,2
71.391015625,1,VL,5,2
71.48017578125,1,VL,5,2
71.61044921875,1,VL,5,2
71.70244140625,1,VL,5,2
71.8091796875,1,VL,5,2
71.92822265625,1,VL,5,2
72.0234375,1,VL,5,2
72.12607421875,1,VL,5,2
72.2236328125,1,VL,5,2
72.32138671875,1,VL,5,2
72.4330078125,1,VL,5,2
72.5423828125,1,VL,5,2
72.646484375,1,VL,5,2
72.759375,1,VL,5,2
72.862890625,1,VL,5,2
72.9697265625,1,VL,5,2
73.0763671875,1,VL,5,2
73.1806640625,1,VL,5,2
73.302734375,1,VL,5,2
73.4216796875,1,VL,5,2
73.55185546875,1,VL,5,2
73.6533203125,1,VL,5,2
73.7611328125,1,VL,5,2
73.86630859375,1,VL,5,2
73.972265625,1,VL,5,2
74.0958984375,1,VL,5,2
74.21533203125,1,VL,5,2
74.3310546875,1,VL,5,2
74.448828125,1,VL,5,2
74.5669921875,1,VL,5,2
74.67587890625,1,VL,5,2
74.79013671875,1,VL,5,2
74.90908203125,1,VL,5,2
75.03330078125,1,VL,5,2
75.13330078125,1,VL,5,2
75.25322265625,1,VL,5,2
75.35791015625,1,VL,5,2
75.46904296875,1,VL,5,2
75.573046875,1,VL,5,2
75.6681640625,1,VL,5,2
75.781640625,1,VL,5,2
75.8962890625,1,VL,5,2
76.0029296875,1,VL,5,2
76.111328125,1,VL,5,2
76.21796875,1,VL,5,2
76.3146484375,1,VL,5,2
76.40517578125,1,VL,5,2
76.501171875,1,VL,5,2
76.60107421875,1,VL,5,2
76.71435546875,1,VL,5,2
76.82880859375,1,VL,5,2
76.917578125,1,VL,5,2
77.01259765625,1,VL,5,2
77.119921875,1,VL,5,2
77.234765625,1,VL,5,2
77.3404296875,1,VL,5,2
77.44189453125,1,VL,5,2
77.550390625,1,VL,5,2
77.65341796875,1,VL,5,2
77.75458984375,1,VL,5,2
77.87607421875,1,VL,5,2
77.9783203125,1,VL,5,2
78.09404296875,1,VL,5,2
78.2119140625,1,VL,5,2
78.320703125,1,VL,5,2
78.43291015625,1,VL,5,2
78.55908203125,1,VL,5,2
78.66845703125,1,VL,5,2
78.78564453125,1,VL,5,2
78.89697265625,1,VL,5,2
79.01064453125,1,VL,5,2
79.12841796875,1,VL,5,2
79.23095703125,1,VL,5,2
79.34013671875,1,VL,5,2
79.44248046875,1,VL,5,2
79.5423828125,1,VL,5,2
79.646484375,1,VL,5,2
79.75107421875,1,VL,5,2
79.86953125,1,VL,5,2
79.9828125,1,VL,5,2
80.098828125,1,VL,5,2
80.2080078125,1,VL,5,2
80.3275390625,1,VL,5,2
80.46845703125,1,VL,5,2
80.583203125,1,VL,5,2
80.69033203125,1,VL,5,2
80.80458984375,1,VL,5,2
80.90830078125,1,VL,5,2
81.0376953125,1,VL,5,2
81.15126953125,1,VL,5,2
81.289453125,1,VL,5,2
81.40693359375,1,VL,5,2
81.51474609375,1,VL,5,2
81.62529296875,1,VL,5,2
81.7375,1,VL,5,2
81.86181640625,1,VL,5,2
81.966796875,1,VL,5,2
82.0927734375,1,VL,5,2
82.2064453125,1,VL,5,2
82.3271484375,1,VL,5,2
82.4443359375,1,VL,5,2
82.542578125,1,VL,5,2
82.66513671875,1,VL,5,2
82.77197265625,1,VL,5,2
82.88076171875,1,VL,5,2
82.987890625,1,VL,5,2
83.09580078125,1,VL,5,2
83.20537109375,1,VL,5,2
83.3056640625,1,VL,5,2
83.42236328125,1,VL,5,2
83.51767578125,1,VL,5,2
83.63193359375,1,VL,5,2
83.7458984375,1,VL,5,2
83.8556640625,1,VL,5,2
83.9650390625,1,VL,5,2
84.069140625,1,VL,5,2
84.19130859375,1,VL,5,2
84.302734375,1,VL,5,2
84.406640625,1,VL,5,2
84.50458984375,1,VL,5,2
84.59892578125,1,VL,5,2
84.70029296875,1,VL,5,2
84.8123046875,1,VL,5,2
84.93154296875,1,VL,5,2
85.0337890625,1,VL,5,2
85.13798828125,1,VL,5,2
85.241015625,1,VL,5,2
85.3408203125,1,VL,5,2
85.453125,1,VL,5,2
85.56787109375,1,VL,5,2
85.68466796875,1,VL,5,2
85.8001953125,1,VL,5,2
85.909375,1,VL,5,2
86.025390625,1,VL,5,2
86.13447265625,1,VL,5,2
86.27890625,1,VL,5,2
86.4015625,1,VL,5,2
86.500390625,1,VL,5,2
86.62158203125,1,VL,5,2
86.7408203125,1,VL,5,2
86.8607421875,1,VL,5,2
86.97109375,1,VL,5,2
87.09560546875,1,VL,5,2
87.2068359375,1,VL,5,2
87.33916015625,1,VL,5,2
87.4453125,1,VL,5,2
87.55546875,1,VL,5,2
87.6736328125,1,VL,5,2
87.78974609375,1,VL,5,2
87.89794921875,1,VL,5,2
88.022265625,1,VL,5,2
88.12958984375,1,VL,5,2
88.2359375,1,VL,5,2
88.34150390625,1,VL,5,2
88.45166015625,1,VL,5,2
88.54619140625,1,VL,5,2
88.65361328125,1,VL,5,2
88.77314453125,1,VL,5,2
88.87783203125,1,VL,5,2
88.9884765625,1,VL,5,2
89.1015625,1,VL,5,2
89.2169921875,1,VL,5,2
89.316015625,1,VL,5,2
89.423046875,1,VL,5,2
89.530859375,1,VL,5,2
89.644921875,1,VL,5,2
89.74013671875,1,VL,5,2
89.85615234375,1,VL,5,2
89.95810546875,1,VL,5,2
90.0732421875,1,VL,5,2
90.17568359375,1,VL,5,2
90.27548828125,1,VL,5,2
90.382421875,1,VL,5,2
90.48994140625,1,VL,5,2
90.626171875,1,VL,5,2
90.73544921875,1,VL,5,2
90.8396484375,1,VL,5,2
90.9572265625,1,VL,5,2
91.07275390625,1,VL,5,2
91.1806640625,1,VL,5,2
91.287109375,1,VL,5,2
91.401953125,1,VL,5,2
91.52998046875,1,VL,5,2
91.644921875,1,VL,5,2
91.7591796875,1,VL,5,2
91.87119140625,1,VL,5,2
91.970703125,1,VL,5,2
92.07060546875,1,VL,5,2
92.17119140625,1,VL,5,2
92.27109375,1,VL,5,2
92.38173828125,1,VL,5,2
92.5041015625,1,VL,5,2
92.6279296875,1,VL,5,2
92.742578125,1,VL,5,2
92.883984375,1,VL,5,2
52.98505859375,2,VL,5,2
53.14375,2,VL,5,2
53.27626953125,2,VL,5,2
53.41806640625,2,VL,5,2
53.7021484375,2,VL,5,2
53.8962890625,2,VL,5,2
54.03642578125,2,VL,5,2
54.16142578125,2,VL,5,2
54.29423828125,2,VL,5,2
54.48974609375,2,VL,5,2
54.704296875,2,VL,5,2
54.90244140625,2,VL,5,2
55.11748046875,2,VL,5,2
55.25927734375,2,VL,5,2
55.41337890625,2,VL,5,2
55.63701171875,2,VL,5,2
55.77041015625,2,VL,5,2
55.90712890625,2,VL,5,2
56.03984375,2,VL,5,2
56.16884765625,2,VL,5,2
56.304296875,2,VL,5,2
56.4521484375,2,VL,5,2
56.59208984375,2,VL,5,2
56.72216796875,2,VL,5,2
56.8453125,2,VL,5,2
56.9791015625,2,VL,5,2
57.09296875,2,VL,5,2
57.2197265625,2,VL,5,2
57.33837890625,2,VL,5,2
57.457421875,2,VL,5,2
57.6265625,2,VL,5,2
57.7390625,2,VL,5,2
57.8623046875,2,VL,5,2
58.00478515625,2,VL,5,2
58.13486328125,2,VL,5,2
58.27900390625,2,VL,5,2
58.39970703125,2,VL,5,2
58.52197265625,2,VL,5,2
58.655078125,2,VL,5,2
58.78876953125,2,VL,5,2
58.92197265625,2,VL,5,2
59.07421875,2,VL,5,2
59.20166015625,2,VL,5,2
59.33427734375,2,VL,5,2
59.47333984375,2,VL,5,2
59.6021484375,2,VL,5,2
59.74716796875,2,VL,5,2
59.88837890625,2,VL,5,2
60.03359375,2,VL,5,2
60.15869140625,2,VL,5,2
60.276171875,2,VL,5,2
60.40595703125,2,VL,5,2
60.5416015625,2,VL,5,2
60.6634765625,2,VL,5,2
60.84697265625,2,VL,5,2
60.9990234375,2,VL,5,2
61.12177734375,2,VL,5,2
61.259375,2,VL,5,2
61.36591796875,2,VL,5,2
61.47197265625,2,VL,5,2
61.5966796875,2,VL,5,2
61.71806640625,2,VL,5,2
61.83154296875,2,VL,5,2
61.9505859375,2,VL,5,2
62.07255859375,2,VL,5,2
62.1923828125,2,VL,5,2
62.321484375,2,VL,5,2
62.43271484375,2,VL,5,2
62.5623046875,2,VL,5,2
62.673046875,2,VL,5,2
62.81103515625,2,VL,5,2
62.923828125,2,VL,5,2
63.02685546875,2,VL,5,2
63.1482421875,2,VL,5,2
63.2529296875,2,VL,5,2
63.39033203125,2,VL,5,2
63.5095703125,2,VL,5,2
63.65703125,2,VL,5,2
63.7970703125,2,VL,5,2
63.93857421875,2,VL,5,2
64.0650390625,2,VL,5,2
64.187890625,2,VL,5,2
64.30732421875,2,VL,5,2
64.430078125,2,VL,5,2
64.54873046875,2,VL,5,2
64.69736328125,2,VL,5,2
64.8267578125,2,VL,5,2
64.95947265625,2,VL,5,2
65.11318359375,2,VL,5,2
65.23408203125,2,VL,5,2
65.35517578125,2,VL,5,2
65.4830078125,2,VL,5,2
65.60146484375,2,VL,5,2
65.73583984375,2,VL,5,2
65.8697265625,2,VL,5,2
65.99765625,2,VL,5,2
66.12216796875,2,VL,5,2
66.24150390625,2,VL,5,2
66.35478515625,2,VL,5,2
66.465625,2,VL,5,2
66.5775390625,2,VL,5,2
66.72451171875,2,VL,5,2
66.873828125,2,VL,5,2
67.01357421875,2,VL,5,2
67.12900390625,2,VL,5,2
67.23076171875,2,VL,5,2
67.35966796875,2,VL,5,2
67.47197265625,2,VL,5,2
67.6009765625,2,VL,5,2
67.7173828125,2,VL,5,2
67.82861328125,2,VL,5,2
67.93994140625,2,VL,5,2
68.055859375,2,VL,5,2
68.17138671875,2,VL,5,2
68.29287109375,2,VL,5,2
68.42109375,2,VL,5,2
68.534375,2,VL,5,2
68.6666015625,2,VL,5,2
68.7708984375,2,VL,5,2
68.8873046875,2,VL,5,2
68.99501953125,2,VL,5,2
69.10400390625,2,VL,5,2
69.2076171875,2,VL,5,2
69.30947265625,2,VL,5,2
69.42314453125,2,VL,5,2
69.5287109375,2,VL,5,2
69.6275390625,2,VL,5,2
69.74677734375,2,VL,5,2
69.85810546875,2,VL,5,2
69.96201171875,2,VL,5,2
70.06748046875,2,VL,5,2
70.1822265625,2,VL,5,2
70.2974609375,2,VL,5,2
70.41767578125,2,VL,5,2
70.53349609375,2,VL,5,2
70.6294921875,2,VL,5,2
70.7294921875,2,VL,5,2
70.8197265625,2,VL,5,2
70.928125,2,VL,5,2
71.0541015625,2,VL,5,2
71.1794921875,2,VL,5,2
71.30048828125,2,VL,5,2
71.42900390625,2,VL,5,2
71.53642578125,2,VL,5,2
71.641796875,2,VL,5,2
71.74462890625,2,VL,5,2
71.85966796875,2,VL,5,2
71.9638671875,2,VL,5,2
72.06806640625,2,VL,5,2
72.16865234375,2,VL,5,2
72.2658203125,2,VL,5,2
72.38603515625,2,VL,5,2
72.5083984375,2,VL,5,2
72.64775390625,2,VL,5,2
72.77509765625,2,VL,5,2
72.90283203125,2,VL,5,2
73.02626953125,2,VL,5,2
73.1619140625,2,VL,5,2
73.29111328125,2,VL,5,2
73.4224609375,2,VL,5,2
73.54296875,2,VL,5,2
73.65205078125,2,VL,5,2
73.77109375,2,VL,5,2
73.88505859375,2,VL,5,2
74.02626953125,2,VL,5,2
74.1669921875,2,VL,5,2
74.29716796875,2,VL,5,2
74.4251953125,2,VL,5,2
74.57734375,2,VL,5,2
74.696875,2,VL,5,2
74.83046875,2,VL,5,2
74.9720703125,2,VL,5,2
75.09365234375,2,VL,5,2
75.21123046875,2,VL,5,2
75.3330078125,2,VL,5,2
75.456640625,2,VL,5,2
75.57509765625,2,VL,5,2
75.699609375,2,VL,5,2
75.82353515625,2,VL,5,2
75.9587890625,2,VL,5,2
76.0869140625,2,VL,5,2
76.23388671875,2,VL,5,2
76.36376953125,2,VL,5,2
76.4890625,2,VL,5,2
76.59951171875,2,VL,5,2
76.74052734375,2,VL,5,2
76.88466796875,2,VL,5,2
77.011328125,2,VL,5,2
77.1431640625,2,VL,5,2
77.2865234375,2,VL,5,2
77.40927734375,2,VL,5,2
77.53740234375,2,VL,5,2
77.67958984375,2,VL,5,2
77.8158203125,2,VL,5,2
77.94375,2,VL,5,2
78.075,2,VL,5,2
78.20732421875,2,VL,5,2
78.351171875,2,VL,5,2
78.51552734375,2,VL,5,2
78.6390625,2,VL,5,2
78.7728515625,2,VL,5,2
78.89775390625,2,VL,5,2
79.06181640625,2,VL,5,2
79.2013671875,2,VL,5,2
79.359765625,2,VL,5,2
79.506640625,2,VL,5,2
79.63095703125,2,VL,5,2
79.78251953125,2,VL,5,2
79.91123046875,2,VL,5,2
80.06015625,2,VL,5,2
80.19169921875,2,VL,5,2
80.33759765625,2,VL,5,2
80.4921875,2,VL,5,2
80.61572265625,2,VL,5,2
80.74912109375,2,VL,5,2
80.8765625,2,VL,5,2
81.00390625,2,VL,5,2
81.14443359375,2,VL,5,2
81.3041015625,2,VL,5,2
81.45224609375,2,VL,5,2
81.56767578125,2,VL,5,2
81.68154296875,2,VL,5,2
81.79814453125,2,VL,5,2
81.947265625,2,VL,5,2
82.07021484375,2,VL,5,2
82.2095703125,2,VL,5,2
82.34638671875,2,VL,5,2
82.496484375,2,VL,5,2
82.6583984375,2,VL,5,2
82.78330078125,2,VL,5,2
82.92978515625,2,VL,5,2
83.05810546875,2,VL,5,2
83.208203125,2,VL,5,2
83.343359375,2,VL,5,2
83.4666015625,2,VL,5,2
83.6236328125,2,VL,5,2
83.76708984375,2,VL,5,2
83.91708984375,2,VL,5,2
84.0404296875,2,VL,5,2
84.1796875,2,VL,5,2
84.312890625,2,VL,5,2
84.43056640625,2,VL,5,2
84.55751953125,2,VL,5,2
84.69873046875,2,VL,5,2
84.84287109375,2,VL,5,2
84.98193359375,2,VL,5,2
85.094140625,2,VL,5,2
85.21796875,2,VL,5,2
85.34765625,2,VL,5,2
85.50068359375,2,VL,5,2
85.63623046875,2,VL,5,2
85.75341796875,2,VL,5,2
85.88125,2,VL,5,2
86.00234375,2,VL,5,2
86.13173828125,2,VL,5,2
86.26484375,2,VL,5,2
86.36845703125,2,VL,5,2
86.48896484375,2,VL,5,2
86.6365234375,2,VL,5,2
86.7642578125,2,VL,5,2
86.8703125,2,VL,5,2
86.998828125,2,VL,5,2
87.1509765625,2,VL,5,2
87.25771484375,2,VL,5,2
87.39677734375,2,VL,5,2
87.528125,2,VL,5,2
87.6625,2,VL,5,2
87.78857421875,2,VL,5,2
87.913671875,2,VL,5,2
88.04169921875,2,VL,5,2
88.166796875,2,VL,5,2
88.28974609375,2,VL,5,2
88.42734375,2,VL,5,2
88.550390625,2,VL,5,2
88.693359375,2,VL,5,2
88.8275390625,2,VL,5,2
88.9546875,2,VL,5,2
89.08251953125,2,VL,5,2
89.2064453125,2,VL,5,2
89.34521484375,2,VL,5,2
89.47783203125,2,VL,5,2
89.6115234375,2,VL,5,2
89.7330078125,2,VL,5,2
89.885546875,2,VL,5,2
90.0193359375,2,VL,5,2
90.16455078125,2,VL,5,2
90.2802734375,2,VL,5,2
90.41875,2,VL,5,2
90.54208984375,2,VL,5,2
90.69365234375,2,VL,5,2
90.80390625,2,VL,5,2
90.92001953125,2,VL,5,2
91.04580078125,2,VL,5,2
91.17685546875,2,VL,5,2
91.296484375,2,VL,5,2
91.4431640625,2,VL,5,2
91.55400390625,2,VL,5,2
91.670703125,2,VL,5,2
91.805078125,2,VL,5,2
91.934765625,2,VL,5,2
92.05537109375,2,VL,5,2
92.1708984375,2,VL,5,2
92.28857421875,2,VL,5,2
92.41025390625,2,VL,5,2
92.54306640625,2,VL,5,2
92.68515625,2,VL,5,2
92.93681640625,2,VL,5,2
52.92939453125,3,VL,5,2
53.05771484375,3,VL,5,2
53.15751953125,3,VL,5,2
53.27734375,3,VL,5,2
53.39951171875,3,VL,5,2
53.51357421875,3,VL,5,2
53.67724609375,3,VL,5,2
53.79423828125,3,VL,5,2
53.926171875,3,VL,5,2
54.037109375,3,VL,5,2
54.14384765625,3,VL,5,2
54.2427734375,3,VL,5,2
54.34951171875,3,VL,5,2
54.4830078125,3,VL,5,2
54.59423828125,3,VL,5,2
54.7130859375,3,VL,5,2
54.81689453125,3,VL,5,2
54.94052734375,3,VL,5,2
55.04462890625,3,VL,5,2
55.165234375,3,VL,5,2
55.2767578125,3,VL,5,2
55.39033203125,3,VL,5,2
55.5091796875,3,VL,5,2
55.60673828125,3,VL,5,2
55.70517578125,3,VL,5,2
55.806640625,3,VL,5,2
55.917578125,3,VL,5,2
56.01318359375,3,VL,5,2
56.11689453125,3,VL,5,2
56.20107421875,3,VL,5,2
56.33095703125,3,VL,5,2
56.44130859375,3,VL,5,2
56.5462890625,3,VL,5,2
56.65419921875,3,VL,5,2
56.7595703125,3,VL,5,2
56.86005859375,3,VL,5,2
56.9720703125,3,VL,5,2
57.07861328125,3,VL,5,2
57.18193359375,3,VL,5,2
57.294921875,3,VL,5,2
57.402734375,3,VL,5,2
57.50390625,3,VL,5,2
57.62138671875,3,VL,5,2
57.72216796875,3,VL,5,2
57.82822265625,3,VL,5,2
57.93271484375,3,VL,5,2
58.04248046875,3,VL,5,2
58.14189453125,3,VL,5,2
58.24775390625,3,VL,5,2
58.34462890625,3,VL,5,2
58.43603515625,3,VL,5,2
58.54365234375,3,VL,5,2
58.65234375,3,VL,5,2
58.75595703125,3,VL,5,2
58.8578125,3,VL,5,2
58.9591796875,3,VL,5,2
59.06708984375,3,VL,5,2
59.17099609375,3,VL,5,2
59.284765625,3,VL,5,2
59.38564453125,3,VL,5,2
59.494921875,3,VL,5,2
59.601171875,3,VL,5,2
59.71279296875,3,VL,5,2
59.81845703125,3,VL,5,2
59.9435546875,3,VL,5,2
60.03447265625,3,VL,5,2
60.133984375,3,VL,5,2
60.24619140625,3,VL,5,2
60.34765625,3,VL,5,2
60.458203125,3,VL,5,2
60.5490234375,3,VL,5,2
60.66083984375,3,VL,5,2
60.77421875,3,VL,5,2
60.8755859375,3,VL,5,2
60.99794921875,3,VL,5,2
61.08671875,3,VL,5,2
61.19189453125,3,VL,5,2
61.2962890625,3,VL,5,2
61.390234375,3,VL,5,2
61.4837890625,3,VL,5,2
61.58779296875,3,VL,5,2
61.68271484375,3,VL,5,2
61.77568359375,3,VL,5,2
61.86796875,3,VL,5,2
61.96904296875,3,VL,5,2
62.07080078125,3,VL,5,2
62.16591796875,3,VL,5,2
62.2654296875,3,VL,5,2
62.3673828125,3,VL,5,2
62.46865234375,3,VL,5,2
62.57685546875,3,VL,5,2
62.672265625,3,VL,5,2
62.782421875,3,VL,5,2
62.88447265625,3,VL,5,2
62.97724609375,3,VL,5,2
63.08154296875,3,VL,5,2
63.1916015625,3,VL,5,2
63.28896484375,3,VL,5,2
63.39677734375,3,VL,5,2
63.49150390625,3,VL,5,2
63.610546875,3,VL,5,2
63.731640625,3,VL,5,2
63.846484375,3,VL,5,2
63.9681640625,3,VL,5,2
64.0673828125,3,VL,5,2
64.1734375,3,VL,5,2
64.2728515625,3,VL,5,2
64.36962890625,3,VL,5,2
64.45244140625,3,VL,5,2
64.56416015625,3,VL,5,2
64.66796875,3,VL,5,2
64.764453125,3,VL,5,2
64.87509765625,3,VL,5,2
64.975390625,3,VL,5,2
65.09296875,3,VL,5,2
65.20263671875,3,VL,5,2
65.31201171875,3,VL,5,2
65.4328125,3,VL,5,2
65.5447265625,3,VL,5,2
65.648828125,3,VL,5,2
65.779296875,3,VL,5,2
65.88310546875,3,VL,5,2
66.0068359375,3,VL,5,2
66.10615234375,3,VL,5,2
66.2099609375,3,VL,5,2
66.32099609375,3,VL,5,2
66.42412109375,3,VL,5,2
66.52802734375,3,VL,5,2
66.62978515625,3,VL,5,2
66.75078125,3,VL,5,2
66.8541015625,3,VL,5,2
66.94609375,3,VL,5,2
67.0462890625,3,VL,5,2
67.14423828125,3,VL,5,2
67.2552734375,3,VL,5,2
67.37099609375,3,VL,5,2
67.47294921875,3,VL,5,2
67.57626953125,3,VL,5,2
67.691796875,3,VL,5,2
67.78203125,3,VL,5,2
67.88466796875,3,VL,5,2
67.98408203125,3,VL,5,2
68.0900390625,3,VL,5,2
68.18037109375,3,VL,5,2
68.28662109375,3,VL,5,2
68.38837890625,3,VL,5,2
68.49423828125,3,VL,5,2
68.5962890625,3,VL,5,2
68.705078125,3,VL,5,2
68.8087890625,3,VL,5,2
68.9171875,3,VL,5,2
69.0236328125,3,VL,5,2
69.12119140625,3,VL,5,2
69.22763671875,3,VL,5,2
69.325390625,3,VL,5,2
69.42900390625,3,VL,5,2
69.5369140625,3,VL,5,2
69.63896484375,3,VL,5,2
69.73515625,3,VL,5,2
69.83427734375,3,VL,5,2
69.9380859375,3,VL,5,2
70.03681640625,3,VL,5,2
70.14091796875,3,VL,5,2
70.24140625,3,VL,5,2
70.34619140625,3,VL,5,2
70.44814453125,3,VL,5,2
70.53662109375,3,VL,5,2
70.638671875,3,VL,5,2
70.7341796875,3,VL,5,2
70.8224609375,3,VL,5,2
70.9294921875,3,VL,5,2
71.03818359375,3,VL,5,2
71.14765625,3,VL,5,2
71.2587890625,3,VL,5,2
71.3626953125,3,VL,5,2
71.4693359375,3,VL,5,2
71.57197265625,3,VL,5,2
71.66806640625,3,VL,5,2
71.76103515625,3,VL,5,2
71.87236328125,3,VL,5,2
71.97890625,3,VL,5,2
72.07783203125,3,VL,5,2
72.18291015625,3,VL,5,2
72.27734375,3,VL,5,2
72.3865234375,3,VL,5,2
72.5052734375,3,VL,5,2
72.61943359375,3,VL,5,2
72.74296875,3,VL,5,2
72.85302734375,3,VL,5,2
72.96357421875,3,VL,5,2
73.084765625,3,VL,5,2
73.19345703125,3,VL,5,2
73.29833984375,3,VL,5,2
73.4171875,3,VL,5,2
73.53994140625,3,VL,5,2
73.65078125,3,VL,5,2
73.752734375,3,VL,5,2
73.86982421875,3,VL,5,2
73.99345703125,3,VL,5,2
74.11240234375,3,VL,5,2
74.23193359375,3,VL,5,2
74.3375,3,VL,5,2
74.4595703125,3,VL,5,2
74.57255859375,3,VL,5,2
74.67685546875,3,VL,5,2
74.816796875,3,VL,5,2
74.93408203125,3,VL,5,2
75.04560546875,3,VL,5,2
75.15322265625,3,VL,5,2
75.26005859375,3,VL,5,2
75.3615234375,3,VL,5,2
75.4841796875,3,VL,5,2
75.59658203125,3,VL,5,2
75.71015625,3,VL,5,2
75.82255859375,3,VL,5,2
75.94501953125,3,VL,5,2
76.0654296875,3,VL,5,2
76.17890625,3,VL,5,2
76.30107421875,3,VL,5,2
76.4095703125,3,VL,5,2
76.51357421875,3,VL,5,2
76.61865234375,3,VL,5,2
76.7349609375,3,VL,5,2
76.84521484375,3,VL,5,2
76.947265625,3,VL,5,2
77.05625,3,VL,5,2
77.16015625,3,VL,5,2
77.28779296875,3,VL,5,2
77.40087890625,3,VL,5,2
77.5017578125,3,VL,5,2
77.6181640625,3,VL,5,2
77.731640625,3,VL,5,2
77.85927734375,3,VL,5,2
77.97314453125,3,VL,5,2
78.08818359375,3,VL,5,2
78.205859375,3,VL,5,2
78.3244140625,3,VL,5,2
78.44697265625,3,VL,5,2
78.56748046875,3,VL,5,2
78.6791015625,3,VL,5,2
78.788671875,3,VL,5,2
78.89609375,3,VL,5,2
79.00859375,3,VL,5,2
79.13837890625,3,VL,5,2
79.24052734375,3,VL,5,2
79.3619140625,3,VL,5,2
79.4685546875,3,VL,5,2
79.57041015625,3,VL,5,2
79.68369140625,3,VL,5,2
79.809765625,3,VL,5,2
79.928125,3,VL,5,2
80.04521484375,3,VL,5,2
80.16650390625,3,VL,5,2
80.27958984375,3,VL,5,2
80.41669921875,3,VL,5,2
80.52392578125,3,VL,5,2
80.63525390625,3,VL,5,2
80.7509765625,3,VL,5,2
80.87021484375,3,VL,5,2
80.9873046875,3,VL,5,2
81.1091796875,3,VL,5,2
81.22822265625,3,VL,5,2
81.34365234375,3,VL,5,2
81.46455078125,3,VL,5,2
81.56630859375,3,VL,5,2
81.66865234375,3,VL,5,2
81.7916015625,3,VL,5,2
81.90517578125,3,VL,5,2
82.02314453125,3,VL,5,2
82.13837890625,3,VL,5,2
82.24248046875,3,VL,5,2
82.3642578125,3,VL,5,2
82.46640625,3,VL,5,2
82.58193359375,3,VL,5,2
82.710546875,3,VL,5,2
82.81982421875,3,VL,5,2
82.93095703125,3,VL,5,2
83.04130859375,3,VL,5,2
83.16240234375,3,VL,5,2
83.27626953125,3,VL,5,2
83.40478515625,3,VL,5,2
83.51005859375,3,VL,5,2
83.62666015625,3,VL,5,2
83.74443359375,3,VL,5,2
83.86435546875,3,VL,5,2
83.96884765625,3,VL,5,2
84.074609375,3,VL,5,2
84.19521484375,3,VL,5,2
84.30546875,3,VL,5,2
84.41806640625,3,VL,5,2
84.51611328125,3,VL,5,2
84.6333984375,3,VL,5,2
84.74990234375,3,VL,5,2
84.86396484375,3,VL,5,2
85.00498046875,3,VL,5,2
85.11552734375,3,VL,5,2
85.2212890625,3,VL,5,2
85.3375,3,VL,5,2
85.46572265625,3,VL,5,2
85.57861328125,3,VL,5,2
85.70693359375,3,VL,5,2
85.8162109375,3,VL,5,2
85.93505859375,3,VL,5,2
86.05263671875,3,VL,5,2
86.15830078125,3,VL,5,2
86.27353515625,3,VL,5,2
86.39609375,3,VL,5,2
86.4943359375,3,VL,5,2
86.60048828125,3,VL,5,2
86.7236328125,3,VL,5,2
86.8337890625,3,VL,5,2
86.9466796875,3,VL,5,2
87.07294921875,3,VL,5,2
87.1759765625,3,VL,5,2
87.2796875,3,VL,5,2
87.39541015625,3,VL,5,2
87.501953125,3,VL,5,2
87.60947265625,3,VL,5,2
87.72666015625,3,VL,5,2
87.8314453125,3,VL,5,2
87.9556640625,3,VL,5,2
88.05888671875,3,VL,5,2
88.16875,3,VL,5,2
88.27548828125,3,VL,5,2
88.3916015625,3,VL,5,2
88.5015625,3,VL,5,2
88.61240234375,3,VL,5,2
88.7263671875,3,VL,5,2
88.846875,3,VL,5,2
88.94580078125,3,VL,5,2
89.0544921875,3,VL,5,2
89.17451171875,3,VL,5,2
89.2791015625,3,VL,5,2
89.39248046875,3,VL,5,2
89.50234375,3,VL,5,2
89.62646484375,3,VL,5,2
89.72138671875,3,VL,5,2
89.8435546875,3,VL,5,2
89.95546875,3,VL,5,2
90.0736328125,3,VL,5,2
90.1837890625,3,VL,5,2
90.29560546875,3,VL,5,2
90.40966796875,3,VL,5,2
90.53076171875,3,VL,5,2
90.66201171875,3,VL,5,2
90.7697265625,3,VL,5,2
90.87451171875,3,VL,5,2
90.99384765625,3,VL,5,2
91.10546875,3,VL,5,2
91.2109375,3,VL,5,2
91.328515625,3,VL,5,2
91.43896484375,3,VL,5,2
91.579296875,3,VL,5,2
91.7025390625,3,VL,5,2
91.82451171875,3,VL,5,2
91.94501953125,3,VL,5,2
92.053515625,3,VL,5,2
92.1552734375,3,VL,5,2
92.2693359375,3,VL,5,2
92.37607421875,3,VL,5,2
92.49541015625,3,VL,5,2
92.609765625,3,VL,5,2
92.71923828125,3,VL,5,2
92.88798828125,3,VL,5,2
100.82548828125,1,VL,5,3
100.91865234375,1,VL,5,3
101.00380859375,1,VL,5,3
101.09306640625,1,VL,5,3
101.17705078125,1,VL,5,3
101.2599609375,1,VL,5,3
101.34150390625,1,VL,5,3
101.43408203125,1,VL,5,3
101.52724609375,1,VL,5,3
101.62421875,1,VL,5,3
101.7318359375,1,VL,5,3
101.8255859375,1,VL,5,3
101.917578125,1,VL,5,3
102.00693359375,1,VL,5,3
102.08564453125,1,VL,5,3
102.1771484375,1,VL,5,3
102.2734375,1,VL,5,3
102.36396484375,1,VL,5,3
102.46494140625,1,VL,5,3
102.55869140625,1,VL,5,3
102.65283203125,1,VL,5,3
102.75751953125,1,VL,5,3
102.8609375,1,VL,5,3
102.9486328125,1,VL,5,3
103.03486328125,1,VL,5,3
103.1193359375,1,VL,5,3
103.21396484375,1,VL,5,3
103.30234375,1,VL,5,3
103.4041015625,1,VL,5,3
103.49873046875,1,VL,5,3
103.58369140625,1,VL,5,3
103.6671875,1,VL,5,3
103.7630859375,1,VL,5,3
103.8458984375,1,VL,5,3
103.92978515625,1,VL,5,3
104.01943359375,1,VL,5,3
104.09892578125,1,VL,5,3
104.1953125,1,VL,5,3
104.29169921875,1,VL,5,3
104.378515625,1,VL,5,3
104.45732421875,1,VL,5,3
104.56181640625,1,VL,5,3
104.6443359375,1,VL,5,3
104.7373046875,1,VL,5,3
104.8609375,1,VL,5,3
104.95439453125,1,VL,5,3
105.04248046875,1,VL,5,3
105.12509765625,1,VL,5,3
105.2341796875,1,VL,5,3
105.3306640625,1,VL,5,3
105.433203125,1,VL,5,3
105.53583984375,1,VL,5,3
105.63232421875,1,VL,5,3
105.70986328125,1,VL,5,3
105.78798828125,1,VL,5,3
105.8703125,1,VL,5,3
105.9568359375,1,VL,5,3
106.04833984375,1,VL,5,3
106.14462890625,1,VL,5,3
106.24697265625,1,VL,5,3
106.35361328125,1,VL,5,3
106.44287109375,1,VL,5,3
106.546875,1,VL,5,3
106.64736328125,1,VL,5,3
106.7509765625,1,VL,5,3
106.8580078125,1,VL,5,3
106.9552734375,1,VL,5,3
107.04638671875,1,VL,5,3
107.15078125,1,VL,5,3
107.23798828125,1,VL,5,3
107.33779296875,1,VL,5,3
107.4314453125,1,VL,5,3
107.5337890625,1,VL,5,3
107.62939453125,1,VL,5,3
107.7341796875,1,VL,5,3
107.826953125,1,VL,5,3
107.92939453125,1,VL,5,3
108.0189453125,1,VL,5,3
108.1125,1,VL,5,3
108.206640625,1,VL,5,3
108.313671875,1,VL,5,3
108.417578125,1,VL,5,3
108.490234375,1,VL,5,3
108.5685546875,1,VL,5,3
108.66298828125,1,VL,5,3
108.75634765625,1,VL,5,3
108.85390625,1,VL,5,3
108.946484375,1,VL,5,3
109.0365234375,1,VL,5,3
109.12666015625,1,VL,5,3
109.2265625,1,VL,5,3
109.33427734375,1,VL,5,3
109.4451171875,1,VL,5,3
109.54697265625,1,VL,5,3
109.65068359375,1,VL,5,3
109.751171875,1,VL,5,3
109.84775390625,1,VL,5,3
109.9455078125,1,VL,5,3
110.0396484375,1,VL,5,3
110.1390625,1,VL,5,3
110.24912109375,1,VL,5,3
110.335546875,1,VL,5,3
110.44482421875,1,VL,5,3
110.540625,1,VL,5,3
110.63447265625,1,VL,5,3
110.7423828125,1,VL,5,3
110.859375,1,VL,5,3
110.952734375,1,VL,5,3
111.05263671875,1,VL,5,3
111.1556640625,1,VL,5,3
111.2533203125,1,VL,5,3
111.35,1,VL,5,3
111.4509765625,1,VL,5,3
111.5533203125,1,VL,5,3
111.6580078125,1,VL,5,3
111.76875,1,VL,5,3
111.85712890625,1,VL,5,3
111.96083984375,1,VL,5,3
112.05546875,1,VL,5,3
112.15029296875,1,VL,5,3
112.26259765625,1,VL,5,3
112.35537109375,1,VL,5,3
112.45146484375,1,VL,5,3
112.55986328125,1,VL,5,3
112.656640625,1,VL,5,3
112.75966796875,1,VL,5,3
112.85498046875,1,VL,5,3
112.94306640625,1,VL,5,3
113.04462890625,1,VL,5,3
113.160546875,1,VL,5,3
113.25283203125,1,VL,5,3
113.34375,1,VL,5,3
113.4427734375,1,VL,5,3
113.54765625,1,VL,5,3
113.65302734375,1,VL,5,3
113.75341796875,1,VL,5,3
113.86220703125,1,VL,5,3
113.955859375,1,VL,5,3
114.05458984375,1,VL,5,3
114.15078125,1,VL,5,3
114.24052734375,1,VL,5,3
114.34892578125,1,VL,5,3
114.43759765625,1,VL,5,3
114.523046875,1,VL,5,3
114.62373046875,1,VL,5,3
114.72138671875,1,VL,5,3
114.8140625,1,VL,5,3
114.9259765625,1,VL,5,3
115.0150390625,1,VL,5,3
115.108984375,1,VL,5,3
115.2169921875,1,VL,5,3
115.3373046875,1,VL,5,3
115.43212890625,1,VL,5,3
115.51943359375,1,VL,5,3
115.630078125,1,VL,5,3
115.7298828125,1,VL,5,3
115.83125,1,VL,5,3
115.92314453125,1,VL,5,3
116.0357421875,1,VL,5,3
116.1412109375,1,VL,5,3
116.24267578125,1,VL,5,3
116.3404296875,1,VL,5,3
116.4490234375,1,VL,5,3
116.55576171875,1,VL,5,3
116.65498046875,1,VL,5,3
116.758984375,1,VL,5,3
116.855078125,1,VL,5,3
116.953515625,1,VL,5,3
117.06611328125,1,VL,5,3
117.169921875,1,VL,5,3
117.285546875,1,VL,5,3
117.4001953125,1,VL,5,3
117.49990234375,1,VL,5,3
117.6013671875,1,VL,5,3
117.70234375,1,VL,5,3
117.78876953125,1,VL,5,3
117.89052734375,1,VL,5,3
117.9830078125,1,VL,5,3
118.08017578125,1,VL,5,3
118.2021484375,1,VL,5,3
118.29638671875,1,VL,5,3
118.39541015625,1,VL,5,3
118.4994140625,1,VL,5,3
118.6001953125,1,VL,5,3
118.69814453125,1,VL,5,3
118.78671875,1,VL,5,3
118.8708984375,1,VL,5,3
118.96572265625,1,VL,5,3
119.06630859375,1,VL,5,3
119.16572265625,1,VL,5,3
119.28115234375,1,VL,5,3
119.367578125,1,VL,5,3
119.47021484375,1,VL,5,3
119.55888671875,1,VL,5,3
119.65791015625,1,VL,5,3
119.74453125,1,VL,5,3
119.83720703125,1,VL,5,3
119.9291015625,1,VL,5,3
120.06064453125,1,VL,5,3
120.158203125,1,VL,5,3
120.25107421875,1,VL,5,3
120.35263671875,1,VL,5,3
120.43486328125,1,VL,5,3
120.533984375,1,VL,5,3
120.6423828125,1,VL,5,3
120.746875,1,VL,5,3
120.84521484375,1,VL,5,3
120.94228515625,1,VL,5,3
121.0498046875,1,VL,5,3
121.14765625,1,VL,5,3
121.25,1,VL,5,3
121.3759765625,1,VL,5,3
121.47734375,1,VL,5,3
121.5796875,1,VL,5,3
121.69326171875,1,VL,5,3
121.801953125,1,VL,5,3
121.91123046875,1,VL,5,3
122.021875,1,VL,5,3
122.134765625,1,VL,5,3
122.2326171875,1,VL,5,3
122.32783203125,1,VL,5,3
122.43076171875,1,VL,5,3
122.53232421875,1,VL,5,3
122.636328125,1,VL,5,3
122.7447265625,1,VL,5,3
122.850390625,1,VL,5,3
122.955859375,1,VL,5,3
123.04345703125,1,VL,5,3
123.14326171875,1,VL,5,3
123.2447265625,1,VL,5,3
123.3404296875,1,VL,5,3
123.441015625,1,VL,5,3
123.54267578125,1,VL,5,3
123.64873046875,1,VL,5,3
123.74072265625,1,VL,5,3
123.84052734375,1,VL,5,3
123.95166015625,1,VL,5,3
124.0447265625,1,VL,5,3
124.14111328125,1,VL,5,3
124.2466796875,1,VL,5,3
124.36669921875,1,VL,5,3
124.466796875,1,VL,5,3
124.565234375,1,VL,5,3
124.67080078125,1,VL,5,3
124.7767578125,1,VL,5,3
124.89638671875,1,VL,5,3
124.9869140625,1,VL,5,3
125.09462890625,1,VL,5,3
125.19228515625,1,VL,5,3
125.282421875,1,VL,5,3
125.385546875,1,VL,5,3
125.483984375,1,VL,5,3
125.58671875,1,VL,5,3
125.6875,1,VL,5,3
125.7791015625,1,VL,5,3
125.87509765625,1,VL,5,3
125.969921875,1,VL,5,3
126.06884765625,1,VL,5,3
126.16201171875,1,VL,5,3
126.26201171875,1,VL,5,3
126.3662109375,1,VL,5,3
126.46806640625,1,VL,5,3
126.571875,1,VL,5,3
126.67861328125,1,VL,5,3
126.7701171875,1,VL,5,3
126.86767578125,1,VL,5,3
126.99130859375,1,VL,5,3
127.0982421875,1,VL,5,3
127.20849609375,1,VL,5,3
127.3134765625,1,VL,5,3
127.43154296875,1,VL,5,3
127.52880859375,1,VL,5,3
127.62646484375,1,VL,5,3
127.731640625,1,VL,5,3
127.825,1,VL,5,3
127.9328125,1,VL,5,3
128.04111328125,1,VL,5,3
128.15771484375,1,VL,5,3
128.2638671875,1,VL,5,3
128.3494140625,1,VL,5,3
128.45771484375,1,VL,5,3
128.56162109375,1,VL,5,3
128.6681640625,1,VL,5,3
128.77470703125,1,VL,5,3
128.8765625,1,VL,5,3
128.969921875,1,VL,5,3
129.07314453125,1,VL,5,3
129.17451171875,1,VL,5,3
129.28740234375,1,VL,5,3
129.39228515625,1,VL,5,3
129.5,1,VL,5,3
129.60205078125,1,VL,5,3
129.6900390625,1,VL,5,3
129.77978515625,1,VL,5,3
129.87451171875,1,VL,5,3
129.998046875,1,VL,5,3
130.103515625,1,VL,5,3
130.21171875,1,VL,5,3
130.315625,1,VL,5,3
130.403515625,1,VL,5,3
130.489453125,1,VL,5,3
130.58173828125,1,VL,5,3
130.69384765625,1,VL,5,3
130.80283203125,1,VL,5,3
130.91015625,1,VL,5,3
131.0201171875,1,VL,5,3
131.130859375,1,VL,5,3
131.2439453125,1,VL,5,3
131.35146484375,1,VL,5,3
131.46494140625,1,VL,5,3
131.5662109375,1,VL,5,3
131.68291015625,1,VL,5,3
131.793359375,1,VL,5,3
131.8978515625,1,VL,5,3
132.0291015625,1,VL,5,3
132.1388671875,1,VL,5,3
132.25556640625,1,VL,5,3
132.36611328125,1,VL,5,3
132.48271484375,1,VL,5,3
132.59833984375,1,VL,5,3
132.717578125,1,VL,5,3
132.83486328125,1,VL,5,3
132.9576171875,1,VL,5,3
133.062109375,1,VL,5,3
133.17275390625,1,VL,5,3
133.2658203125,1,VL,5,3
133.38203125,1,VL,5,3
133.488671875,1,VL,5,3
133.595703125,1,VL,5,3
133.7021484375,1,VL,5,3
133.82451171875,1,VL,5,3
133.9322265625,1,VL,5,3
134.0255859375,1,VL,5,3
134.1298828125,1,VL,5,3
134.23623046875,1,VL,5,3
134.3505859375,1,VL,5,3
134.4630859375,1,VL,5,3
134.56611328125,1,VL,5,3
134.67783203125,1,VL,5,3
134.773828125,1,VL,5,3
134.877734375,1,VL,5,3
134.9833984375,1,VL,5,3
135.0890625,1,VL,5,3
135.203125,1,VL,5,3
135.31279296875,1,VL,5,3
135.43232421875,1,VL,5,3
135.5388671875,1,VL,5,3
135.64296875,1,VL,5,3
135.75439453125,1,VL,5,3
135.8556640625,1,VL,5,3
135.97001953125,1,VL,5,3
136.0890625,1,VL,5,3
136.19013671875,1,VL,5,3
136.294921875,1,VL,5,3
136.39970703125,1,VL,5,3
136.5083984375,1,VL,5,3
136.62080078125,1,VL,5,3
136.72998046875,1,VL,5,3
136.82724609375,1,VL,5,3
136.94287109375,1,VL,5,3
137.0609375,1,VL,5,3
137.1546875,1,VL,5,3
137.253125,1,VL,5,3
137.3630859375,1,VL,5,3
137.465234375,1,VL,5,3
137.5728515625,1,VL,5,3
137.67783203125,1,VL,5,3
137.79453125,1,VL,5,3
137.91669921875,1,VL,5,3
138.00888671875,1,VL,5,3
138.10615234375,1,VL,5,3
138.2181640625,1,VL,5,3
138.32216796875,1,VL,5,3
138.426953125,1,VL,5,3
138.5365234375,1,VL,5,3
138.65546875,1,VL,5,3
138.755078125,1,VL,5,3
138.8625,1,VL,5,3
138.98427734375,1,VL,5,3
139.0896484375,1,VL,5,3
139.184765625,1,VL,5,3
139.2841796875,1,VL,5,3
139.38486328125,1,VL,5,3
139.48974609375,1,VL,5,3
139.594921875,1,VL,5,3
139.7068359375,1,VL,5,3
139.8259765625,1,VL,5,3
139.9384765625,1,VL,5,3
140.0400390625,1,VL,5,3
140.14833984375,1,VL,5,3
140.24677734375,1,VL,5,3
140.3669921875,1,VL,5,3
140.4791015625,1,VL,5,3
140.60400390625,1,VL,5,3
140.7138671875,1,VL,5,3
140.83271484375,1,VL,5,3
100.93935546875,2,VL,5,3
101.12158203125,2,VL,5,3
101.2990234375,2,VL,5,3
102.0833984375,2,VL,5,3
102.2392578125,2,VL,5,3
102.47021484375,2,VL,5,3
103.0177734375,2,VL,5,3
103.2634765625,2,VL,5,3
103.465625,2,VL,5,3
103.60400390625,2,VL,5,3
103.758203125,2,VL,5,3
103.90458984375,2,VL,5,3
104.02509765625,2,VL,5,3
104.16396484375,2,VL,5,3
104.287109375,2,VL,5,3
104.408984375,2,VL,5,3
104.5791015625,2,VL,5,3
104.69580078125,2,VL,5,3
104.9201171875,2,VL,5,3
105.043359375,2,VL,5,3
105.16494140625,2,VL,5,3
105.3060546875,2,VL,5,3
105.46904296875,2,VL,5,3
105.63017578125,2,VL,5,3
105.78779296875,2,VL,5,3
105.9171875,2,VL,5,3
106.044921875,2,VL,5,3
106.1888671875,2,VL,5,3
106.34482421875,2,VL,5,3
106.48759765625,2,VL,5,3
106.64482421875,2,VL,5,3
106.8443359375,2,VL,5,3
106.97255859375,2,VL,5,3
107.13603515625,2,VL,5,3
107.43232421875,2,VL,5,3
107.6099609375,2,VL,5,3
107.7408203125,2,VL,5,3
107.90078125,2,VL,5,3
108.0619140625,2,VL,5,3
108.20009765625,2,VL,5,3
108.36923828125,2,VL,5,3
108.496875,2,VL,5,3
108.66865234375,2,VL,5,3
108.8107421875,2,VL,5,3
108.96640625,2,VL,5,3
109.0958984375,2,VL,5,3
109.2810546875,2,VL,5,3
109.46201171875,2,VL,5,3
109.6166015625,2,VL,5,3
109.7630859375,2,VL,5,3
109.94501953125,2,VL,5,3
110.06123046875,2,VL,5,3
110.206640625,2,VL,5,3
110.34130859375,2,VL,5,3
110.51533203125,2,VL,5,3
110.638671875,2,VL,5,3
110.794140625,2,VL,5,3
110.95771484375,2,VL,5,3
111.0896484375,2,VL,5,3
111.20576171875,2,VL,5,3
111.33134765625,2,VL,5,3
111.48876953125,2,VL,5,3
111.6376953125,2,VL,5,3
111.76689453125,2,VL,5,3
111.88974609375,2,VL,5,3
112.0087890625,2,VL,5,3
112.15947265625,2,VL,5,3
112.3046875,2,VL,5,3
112.42353515625,2,VL,5,3
112.5591796875,2,VL,5,3
112.69404296875,2,VL,5,3
112.8138671875,2,VL,5,3
112.95185546875,2,VL,5,3
113.10263671875,2,VL,5,3
113.24111328125,2,VL,5,3
113.36005859375,2,VL,5,3
113.49814453125,2,VL,5,3
113.6208984375,2,VL,5,3
113.76142578125,2,VL,5,3
113.9279296875,2,VL,5,3
114.0427734375,2,VL,5,3
114.15439453125,2,VL,5,3
114.28369140625,2,VL,5,3
114.42890625,2,VL,5,3
114.5390625,2,VL,5,3
114.6734375,2,VL,5,3
114.8099609375,2,VL,5,3
114.9390625,2,VL,5,3
115.06220703125,2,VL,5,3
115.22255859375,2,VL,5,3
115.41279296875,2,VL,5,3
115.552734375,2,VL,5,3
115.70703125,2,VL,5,3
115.8431640625,2,VL,5,3
116.00224609375,2,VL,5,3
116.14404296875,2,VL,5,3
116.29384765625,2,VL,5,3
116.43701171875,2,VL,5,3
116.55517578125,2,VL,5,3
116.7044921875,2,VL,5,3
116.86953125,2,VL,5,3
117.00966796875,2,VL,5,3
117.15869140625,2,VL,5,3
117.30439453125,2,VL,5,3
117.43916015625,2,VL,5,3
117.56142578125,2,VL,5,3
117.6779296875,2,VL,5,3
117.7759765625,2,VL,5,3
117.89912109375,2,VL,5,3
118.01142578125,2,VL,5,3
118.12666015625,2,VL,5,3
118.25390625,2,VL,5,3
118.3673828125,2,VL,5,3
118.49755859375,2,VL,5,3
118.62275390625,2,VL,5,3
118.75400390625,2,VL,5,3
118.85087890625,2,VL,5,3
118.96591796875,2,VL,5,3
119.0828125,2,VL,5,3
119.203125,2,VL,5,3
119.3541015625,2,VL,5,3
119.4712890625,2,VL,5,3
119.59638671875,2,VL,5,3
119.70068359375,2,VL,5,3
119.8046875,2,VL,5,3
119.90458984375,2,VL,5,3
120.02900390625,2,VL,5,3
120.14755859375,2,VL,5,3
120.269140625,2,VL,5,3
120.384375,2,VL,5,3
120.48984375,2,VL,5,3
120.5923828125,2,VL,5,3
120.7248046875,2,VL,5,3
120.85009765625,2,VL,5,3
120.952734375,2,VL,5,3
121.06962890625,2,VL,5,3
121.18603515625,2,VL,5,3
121.3197265625,2,VL,5,3
121.4515625,2,VL,5,3
121.557421875,2,VL,5,3
121.699609375,2,VL,5,3
121.81103515625,2,VL,5,3
121.92236328125,2,VL,5,3
122.0482421875,2,VL,5,3
122.19072265625,2,VL,5,3
122.3126953125,2,VL,5,3
122.42490234375,2,VL,5,3
122.55517578125,2,VL,5,3
122.68828125,2,VL,5,3
122.8080078125,2,VL,5,3
122.94765625,2,VL,5,3
123.05458984375,2,VL,5,3
123.1701171875,2,VL,5,3
123.2947265625,2,VL,5,3
123.4166015625,2,VL,5,3
123.52255859375,2,VL,5,3
123.65771484375,2,VL,5,3
123.773046875,2,VL,5,3
123.904296875,2,VL,5,3
124.03154296875,2,VL,5,3
124.14169921875,2,VL,5,3
124.2791015625,2,VL,5,3
124.4072265625,2,VL,5,3
124.52451171875,2,VL,5,3
124.6630859375,2,VL,5,3
124.7890625,2,VL,5,3
124.94501953125,2,VL,5,3
125.07109375,2,VL,5,3
125.1900390625,2,VL,5,3
125.299609375,2,VL,5,3
125.4638671875,2,VL,5,3
125.58994140625,2,VL,5,3
125.7388671875,2,VL,5,3
125.865234375,2,VL,5,3
125.9921875,2,VL,5,3
126.13134765625,2,VL,5,3
126.26494140625,2,VL,5,3
126.39423828125,2,VL,5,3
126.52783203125,2,VL,5,3
126.6568359375,2,VL,5,3
126.7857421875,2,VL,5,3
126.91875,2,VL,5,3
127.0388671875,2,VL,5,3
127.159765625,2,VL,5,3
127.282421875,2,VL,5,3
127.39462890625,2,VL,5,3
127.526171875,2,VL,5,3
127.6333984375,2,VL,5,3
127.7765625,2,VL,5,3
127.90068359375,2,VL,5,3
128.035546875,2,VL,5,3
128.17294921875,2,VL,5,3
128.2990234375,2,VL,5,3
128.434375,2,VL,5,3
128.6017578125,2,VL,5,3
128.73232421875,2,VL,5,3
128.87744140625,2,VL,5,3
129.01240234375,2,VL,5,3
129.1642578125,2,VL,5,3
129.2884765625,2,VL,5,3
129.44912109375,2,VL,5,3
129.589453125,2,VL,5,3
129.723828125,2,VL,5,3
129.84267578125,2,VL,5,3
130.0001953125,2,VL,5,3
130.14443359375,2,VL,5,3
130.279296875,2,VL,5,3
130.4130859375,2,VL,5,3
130.540234375,2,VL,5,3
130.66630859375,2,VL,5,3
130.80703125,2,VL,5,3
130.9521484375,2,VL,5,3
131.10234375,2,VL,5,3
131.2349609375,2,VL,5,3
131.37080078125,2,VL,5,3
131.50771484375,2,VL,5,3
131.65302734375,2,VL,5,3
131.79384765625,2,VL,5,3
131.93203125,2,VL,5,3
132.0666015625,2,VL,5,3
132.202734375,2,VL,5,3
132.33525390625,2,VL,5,3
132.48505859375,2,VL,5,3
132.6154296875,2,VL,5,3
132.75068359375,2,VL,5,3
132.8919921875,2,VL,5,3
133.02861328125,2,VL,5,3
133.1662109375,2,VL,5,3
133.29091796875,2,VL,5,3
133.40859375,2,VL,5,3
133.54052734375,2,VL,5,3
133.6814453125,2,VL,5,3
133.822265625,2,VL,5,3
133.95166015625,2,VL,5,3
134.0884765625,2,VL,5,3
134.2203125,2,VL,5,3
134.3708984375,2,VL,5,3
134.50849609375,2,VL,5,3
134.63837890625,2,VL,5,3
134.75966796875,2,VL,5,3
134.8880859375,2,VL,5,3
135.01494140625,2,VL,5,3
135.15771484375,2,VL,5,3
135.29072265625,2,VL,5,3
135.44091796875,2,VL,5,3
135.57861328125,2,VL,5,3
135.71357421875,2,VL,5,3
135.84169921875,2,VL,5,3
135.96396484375,2,VL,5,3
136.09697265625,2,VL,5,3
136.2087890625,2,VL,5,3
136.34853515625,2,VL,5,3
136.46396484375,2,VL,5,3
136.60009765625,2,VL,5,3
136.7263671875,2,VL,5,3
136.85966796875,2,VL,5,3
136.98837890625,2,VL,5,3
137.10732421875,2,VL,5,3
137.221484375,2,VL,5,3
137.3443359375,2,VL,5,3
137.47822265625,2,VL,5,3
137.5966796875,2,VL,5,3
137.72646484375,2,VL,5,3
137.8873046875,2,VL,5,3
138.0083984375,2,VL,5,3
138.13701171875,2,VL,5,3
138.25400390625,2,VL,5,3
138.39619140625,2,VL,5,3
138.53759765625,2,VL,5,3
138.64130859375,2,VL,5,3
138.75791015625,2,VL,5,3
138.88486328125,2,VL,5,3
139.0064453125,2,VL,5,3
139.13173828125,2,VL,5,3
139.24931640625,2,VL,5,3
139.3583984375,2,VL,5,3
139.47705078125,2,VL,5,3
139.5982421875,2,VL,5,3
139.72783203125,2,VL,5,3
139.87470703125,2,VL,5,3
140.00205078125,2,VL,5,3
140.11796875,2,VL,5,3
140.234765625,2,VL,5,3
140.3693359375,2,VL,5,3
140.50263671875,2,VL,5,3
140.65556640625,2,VL,5,3
140.84404296875,2,VL,5,3
100.92939453125,3,VL,5,3
101.066796875,3,VL,5,3
101.20595703125,3,VL,5,3
101.31796875,3,VL,5,3
101.498828125,3,VL,5,3
101.63720703125,3,VL,5,3
101.7544921875,3,VL,5,3
101.86904296875,3,VL,5,3
101.98466796875,3,VL,5,3
102.08447265625,3,VL,5,3
102.21533203125,3,VL,5,3
102.320703125,3,VL,5,3
102.4453125,3,VL,5,3
102.55419921875,3,VL,5,3
102.68095703125,3,VL,5,3
102.82001953125,3,VL,5,3
102.91669921875,3,VL,5,3
103.02861328125,3,VL,5,3
103.1220703125,3,VL,5,3
103.2302734375,3,VL,5,3
103.334375,3,VL,5,3
103.44990234375,3,VL,5,3
103.555078125,3,VL,5,3
103.66220703125,3,VL,5,3
103.765234375,3,VL,5,3
103.85400390625,3,VL,5,3
103.952734375,3,VL,5,3
104.0515625,3,VL,5,3
104.14873046875,3,VL,5,3
104.26884765625,3,VL,5,3
104.35966796875,3,VL,5,3
104.4826171875,3,VL,5,3
104.5822265625,3,VL,5,3
104.6740234375,3,VL,5,3
104.780859375,3,VL,5,3
104.90732421875,3,VL,5,3
105.0080078125,3,VL,5,3
105.10830078125,3,VL,5,3
105.2095703125,3,VL,5,3
105.3140625,3,VL,5,3
105.41806640625,3,VL,5,3
105.54443359375,3,VL,5,3
105.64921875,3,VL,5,3
105.7462890625,3,VL,5,3
105.84345703125,3,VL,5,3
105.9443359375,3,VL,5,3
106.05068359375,3,VL,5,3
106.15078125,3,VL,5,3
106.2640625,3,VL,5,3
106.38037109375,3,VL,5,3
106.49658203125,3,VL,5,3
106.6025390625,3,VL,5,3
106.712109375,3,VL,5,3
106.82294921875,3,VL,5,3
106.9306640625,3,VL,5,3
107.0380859375,3,VL,5,3
107.14453125,3,VL,5,3
107.2466796875,3,VL,5,3
107.351171875,3,VL,5,3
107.45625,3,VL,5,3
107.56787109375,3,VL,5,3
107.6833984375,3,VL,5,3
107.790625,3,VL,5,3
107.89296875,3,VL,5,3
108.009765625,3,VL,5,3
108.11123046875,3,VL,5,3
108.21650390625,3,VL,5,3
108.32978515625,3,VL,5,3
108.44814453125,3,VL,5,3
108.54228515625,3,VL,5,3
108.647265625,3,VL,5,3
108.75947265625,3,VL,5,3
108.87392578125,3,VL,5,3
108.96455078125,3,VL,5,3
109.059375,3,VL,5,3
109.17841796875,3,VL,5,3
109.29814453125,3,VL,5,3
109.4203125,3,VL,5,3
109.5357421875,3,VL,5,3
109.6513671875,3,VL,5,3
109.75791015625,3,VL,5,3
109.8732421875,3,VL,5,3
109.98505859375,3,VL,5,3
110.08359375,3,VL,5,3
110.18505859375,3,VL,5,3
110.29384765625,3,VL,5,3
110.41044921875,3,VL,5,3
110.5208984375,3,VL,5,3
110.625390625,3,VL,5,3
110.72919921875,3,VL,5,3
110.88115234375,3,VL,5,3
110.97431640625,3,VL,5,3
111.082421875,3,VL,5,3
111.17431640625,3,VL,5,3
111.2787109375,3,VL,5,3
111.38486328125,3,VL,5,3
111.49609375,3,VL,5,3
111.601171875,3,VL,5,3
111.70810546875,3,VL,5,3
111.8138671875,3,VL,5,3
111.91357421875,3,VL,5,3
112.0115234375,3,VL,5,3
112.11669921875,3,VL,5,3
112.2224609375,3,VL,5,3
112.3232421875,3,VL,5,3
112.43359375,3,VL,5,3
112.54267578125,3,VL,5,3
112.650390625,3,VL,5,3
112.7515625,3,VL,5,3
112.84892578125,3,VL,5,3
112.94921875,3,VL,5,3
113.06337890625,3,VL,5,3
113.1775390625,3,VL,5,3
113.28505859375,3,VL,5,3
113.37919921875,3,VL,5,3
113.48818359375,3,VL,5,3
113.59306640625,3,VL,5,3
113.6962890625,3,VL,5,3
113.80615234375,3,VL,5,3
113.90791015625,3,VL,5,3
114.00712890625,3,VL,5,3
114.1203125,3,VL,5,3
114.2283203125,3,VL,5,3
114.32890625,3,VL,5,3
114.43603515625,3,VL,5,3
114.52685546875,3,VL,5,3
114.639453125,3,VL,5,3
114.75439453125,3,VL,5,3
114.8623046875,3,VL,5,3
114.9755859375,3,VL,5,3
115.08701171875,3,VL,5,3
115.20615234375,3,VL,5,3
115.33310546875,3,VL,5,3
115.44443359375,3,VL,5,3
115.5501953125,3,VL,5,3
115.6560546875,3,VL,5,3
115.76103515625,3,VL,5,3
115.85966796875,3,VL,5,3
115.97001953125,3,VL,5,3
116.08994140625,3,VL,5,3
116.19990234375,3,VL,5,3
116.3060546875,3,VL,5,3
116.41201171875,3,VL,5,3
116.51396484375,3,VL,5,3
116.61787109375,3,VL,5,3
116.72666015625,3,VL,5,3
116.8455078125,3,VL,5,3
116.95009765625,3,VL,5,3
117.07001953125,3,VL,5,3
117.18447265625,3,VL,5,3
117.3078125,3,VL,5,3
117.422265625,3,VL,5,3
117.5205078125,3,VL,5,3
117.6341796875,3,VL,5,3
117.74404296875,3,VL,5,3
117.8427734375,3,VL,5,3
117.949609375,3,VL,5,3
118.06552734375,3,VL,5,3
118.19873046875,3,VL,5,3
118.293359375,3,VL,5,3
118.39912109375,3,VL,5,3
118.49931640625,3,VL,5,3
118.60693359375,3,VL,5,3
118.7248046875,3,VL,5,3
118.819140625,3,VL,5,3
118.9158203125,3,VL,5,3
119.0275390625,3,VL,5,3
119.12177734375,3,VL,5,3
119.22919921875,3,VL,5,3
119.34208984375,3,VL,5,3
119.4548828125,3,VL,5,3
119.55927734375,3,VL,5,3
119.66279296875,3,VL,5,3
119.75419921875,3,VL,5,3
119.8494140625,3,VL,5,3
119.94375,3,VL,5,3
120.07470703125,3,VL,5,3
120.17509765625,3,VL,5,3
120.280859375,3,VL,5,3
120.38212890625,3,VL,5,3
120.47939453125,3,VL,5,3
120.58671875,3,VL,5,3
120.69873046875,3,VL,5,3
120.801953125,3,VL,5,3
120.916015625,3,VL,5,3
121.016015625,3,VL,5,3
121.1240234375,3,VL,5,3
121.2322265625,3,VL,5,3
121.34697265625,3,VL,5,3
121.46435546875,3,VL,5,3
121.569921875,3,VL,5,3
121.6935546875,3,VL,5,3
121.8,3,VL,5,3
121.918359375,3,VL,5,3
122.0318359375,3,VL,5,3
122.15341796875,3,VL,5,3
122.2703125,3,VL,5,3
122.3779296875,3,VL,5,3
122.48662109375,3,VL,5,3
122.60458984375,3,VL,5,3
122.726953125,3,VL,5,3
122.84697265625,3,VL,5,3
122.9591796875,3,VL,5,3
123.07060546875,3,VL,5,3
123.17998046875,3,VL,5,3
123.29365234375,3,VL,5,3
123.41171875,3,VL,5,3
123.52939453125,3,VL,5,3
123.64658203125,3,VL,5,3
123.7515625,3,VL,5,3
123.869921875,3,VL,5,3
123.9830078125,3,VL,5,3
124.08359375,3,VL,5,3
124.19033203125,3,VL,5,3
124.319921875,3,VL,5,3
124.42392578125,3,VL,5,3
124.52724609375,3,VL,5,3
124.6498046875,3,VL,5,3
124.7609375,3,VL,5,3
124.89365234375,3,VL,5,3
125.003515625,3,VL,5,3
125.123046875,3,VL,5,3
125.23681640625,3,VL,5,3
125.34599609375,3,VL,5,3
125.45869140625,3,VL,5,3
125.5830078125,3,VL,5,3
125.68994140625,3,VL,5,3
125.80224609375,3,VL,5,3
125.9103515625,3,VL,5,3
126.01123046875,3,VL,5,3
126.13203125,3,VL,5,3
126.2509765625,3,VL,5,3
126.3669921875,3,VL,5,3
126.48544921875,3,VL,5,3
126.59384765625,3,VL,5,3
126.7060546875,3,VL,5,3
126.8181640625,3,VL,5,3
126.9373046875,3,VL,5,3
127.0552734375,3,VL,5,3
127.1673828125,3,VL,5,3
127.28134765625,3,VL,5,3
127.38857421875,3,VL,5,3
127.50029296875,3,VL,5,3
127.60654296875,3,VL,5,3
127.7220703125,3,VL,5,3
127.8267578125,3,VL,5,3
127.93271484375,3,VL,5,3
128.0455078125,3,VL,5,3
128.1919921875,3,VL,5,3
128.303125,3,VL,5,3
128.42275390625,3,VL,5,3
128.54443359375,3,VL,5,3
128.66396484375,3,VL,5,3
128.79423828125,3,VL,5,3
128.90224609375,3,VL,5,3
129.02763671875,3,VL,5,3
129.14453125,3,VL,5,3
129.258203125,3,VL,5,3
129.39140625,3,VL,5,3
129.50673828125,3,VL,5,3
129.614453125,3,VL,5,3
129.72216796875,3,VL,5,3
129.82890625,3,VL,5,3
129.94150390625,3,VL,5,3
130.0615234375,3,VL,5,3
130.18544921875,3,VL,5,3
130.3044921875,3,VL,5,3
130.40849609375,3,VL,5,3
130.5208984375,3,VL,5,3
130.6228515625,3,VL,5,3
130.7462890625,3,VL,5,3
130.85927734375,3,VL,5,3
130.9685546875,3,VL,5,3
131.08525390625,3,VL,5,3
131.20234375,3,VL,5,3
131.33095703125,3,VL,5,3
131.4421875,3,VL,5,3
131.55693359375,3,VL,5,3
131.6814453125,3,VL,5,3
131.803515625,3,VL,5,3
131.91435546875,3,VL,5,3
132.01923828125,3,VL,5,3
132.14033203125,3,VL,5,3
132.26806640625,3,VL,5,3
132.39052734375,3,VL,5,3
132.51103515625,3,VL,5,3
132.64462890625,3,VL,5,3
132.74423828125,3,VL,5,3
132.8689453125,3,VL,5,3
132.9888671875,3,VL,5,3
133.10205078125,3,VL,5,3
133.217578125,3,VL,5,3
133.32392578125,3,VL,5,3
133.4408203125,3,VL,5,3
133.5625,3,VL,5,3
133.68193359375,3,VL,5,3
133.80869140625,3,VL,5,3
133.92529296875,3,VL,5,3
134.033984375,3,VL,5,3
134.14052734375,3,VL,5,3
134.24970703125,3,VL,5,3
134.3689453125,3,VL,5,3
134.49140625,3,VL,5,3
134.61611328125,3,VL,5,3
134.72744140625,3,VL,5,3
134.85126953125,3,VL,5,3
134.96533203125,3,VL,5,3
135.07373046875,3,VL,5,3
135.1865234375,3,VL,5,3
135.30390625,3,VL,5,3
135.4244140625,3,VL,5,3
135.54111328125,3,VL,5,3
135.66181640625,3,VL,5,3
135.76923828125,3,VL,5,3
135.8771484375,3,VL,5,3
136.00048828125,3,VL,5,3
136.1099609375,3,VL,5,3
136.223046875,3,VL,5,3
136.3337890625,3,VL,5,3
136.44169921875,3,VL,5,3
136.546875,3,VL,5,3
136.678125,3,VL,5,3
136.78818359375,3,VL,5,3
136.90390625,3,VL,5,3
137.02724609375,3,VL,5,3
137.134765625,3,VL,5,3
137.2435546875,3,VL,5,3
137.3541015625,3,VL,5,3
137.47724609375,3,VL,5,3
137.58720703125,3,VL,5,3
137.69658203125,3,VL,5,3
137.81962890625,3,VL,5,3
137.9478515625,3,VL,5,3
138.0564453125,3,VL,5,3
138.1904296875,3,VL,5,3
138.3033203125,3,VL,5,3
138.43662109375,3,VL,5,3
138.54765625,3,VL,5,3
138.6609375,3,VL,5,3
138.7701171875,3,VL,5,3
138.89296875,3,VL,5,3
139.0134765625,3,VL,5,3
139.1251953125,3,VL,5,3
139.23486328125,3,VL,5,3
139.33369140625,3,VL,5,3
139.45810546875,3,VL,5,3
139.57041015625,3,VL,5,3
139.68427734375,3,VL,5,3
139.8041015625,3,VL,5,3
139.92119140625,3,VL,5,3
140.043359375,3,VL,5,3
140.15361328125,3,VL,5,3
140.25927734375,3,VL,5,3
140.39169921875,3,VL,5,3
140.5279296875,3,VL,5,3
140.65517578125,3,VL,5,3
140.7978515625,3,VL,5,3
148.76533203125,1,VL,5,4
148.86962890625,1,VL,5,4
149.0048828125,1,VL,5,4
149.123828125,1,VL,5,4
149.21591796875,1,VL,5,4
149.3265625,1,VL,5,4
149.44921875,1,VL,5,4
149.54755859375,1,VL,5,4
149.64521484375,1,VL,5,4
149.75107421875,1,VL,5,4
149.85087890625,1,VL,5,4
149.946875,1,VL,5,4
150.0501953125,1,VL,5,4
150.23076171875,1,VL,5,4
150.3267578125,1,VL,5,4
150.4171875,1,VL,5,4
150.52724609375,1,VL,5,4
150.62626953125,1,VL,5,4
150.74033203125,1,VL,5,4
150.84638671875,1,VL,5,4
150.93173828125,1,VL,5,4
151.03046875,1,VL,5,4
151.12861328125,1,VL,5,4
151.22919921875,1,VL,5,4
151.31318359375,1,VL,5,4
151.3998046875,1,VL,5,4
151.4982421875,1,VL,5,4
151.59013671875,1,VL,5,4
151.6919921875,1,VL,5,4
151.7791015625,1,VL,5,4
151.8734375,1,VL,5,4
151.98564453125,1,VL,5,4
152.08173828125,1,VL,5,4
152.1853515625,1,VL,5,4
152.27685546875,1,VL,5,4
152.38759765625,1,VL,5,4
152.476953125,1,VL,5,4
152.57265625,1,VL,5,4
152.6658203125,1,VL,5,4
152.77890625,1,VL,5,4
152.8755859375,1,VL,5,4
152.9794921875,1,VL,5,4
153.06904296875,1,VL,5,4
153.1630859375,1,VL,5,4
153.2640625,1,VL,5,4
153.3541015625,1,VL,5,4
153.4541015625,1,VL,5,4
153.54599609375,1,VL,5,4
153.64404296875,1,VL,5,4
153.74521484375,1,VL,5,4
153.83994140625,1,VL,5,4
153.93505859375,1,VL,5,4
154.04599609375,1,VL,5,4
154.14501953125,1,VL,5,4
154.2375,1,VL,5,4
154.340625,1,VL,5,4
154.43603515625,1,VL,5,4
154.53154296875,1,VL,5,4
154.62421875,1,VL,5,4
154.72080078125,1,VL,5,4
154.81962890625,1,VL,5,4
154.913671875,1,VL,5,4
155.0033203125,1,VL,5,4
155.1080078125,1,VL,5,4
155.21220703125,1,VL,5,4
155.30771484375,1,VL,5,4
155.4146484375,1,VL,5,4
155.51103515625,1,VL,5,4
155.6123046875,1,VL,5,4
155.70771484375,1,VL,5,4
155.79951171875,1,VL,5,4
155.8990234375,1,VL,5,4
156.001953125,1,VL,5,4
156.10078125,1,VL,5,4
156.19619140625,1,VL,5,4
156.29150390625,1,VL,5,4
156.40966796875,1,VL,5,4
156.50126953125,1,VL,5,4
156.59267578125,1,VL,5,4
156.69990234375,1,VL,5,4
156.80302734375,1,VL,5,4
156.89384765625,1,VL,5,4
156.99638671875,1,VL,5,4
157.09814453125,1,VL,5,4
157.20322265625,1,VL,5,4
157.30732421875,1,VL,5,4
157.4095703125,1,VL,5,4
157.52099609375,1,VL,5,4
157.626953125,1,VL,5,4
157.71484375,1,VL,5,4
157.81513671875,1,VL,5,4
157.9189453125,1,VL,5,4
158.01640625,1,VL,5,4
158.10791015625,1,VL,5,4
158.20625,1,VL,5,4
158.30244140625,1,VL,5,4
158.39921875,1,VL,5,4
158.49658203125,1,VL,5,4
158.5927734375,1,VL,5,4
158.70546875,1,VL,5,4
158.80439453125,1,VL,5,4
158.91640625,1,VL,5,4
159.0279296875,1,VL,5,4
159.14541015625,1,VL,5,4
159.25380859375,1,VL,5,4
159.355859375,1,VL,5,4
159.4515625,1,VL,5,4
159.53935546875,1,VL,5,4
159.638671875,1,VL,5,4
159.74853515625,1,VL,5,4
159.8564453125,1,VL,5,4
159.94921875,1,VL,5,4
160.0349609375,1,VL,5,4
160.11962890625,1,VL,5,4
160.22216796875,1,VL,5,4
160.32421875,1,VL,5,4
160.433203125,1,VL,5,4
160.53798828125,1,VL,5,4
160.6380859375,1,VL,5,4
160.7328125,1,VL,5,4
160.82939453125,1,VL,5,4
160.9359375,1,VL,5,4
161.0572265625,1,VL,5,4
161.1533203125,1,VL,5,4
161.24833984375,1,VL,5,4
161.344140625,1,VL,5,4
161.44580078125,1,VL,5,4
161.534375,1,VL,5,4
161.67373046875,1,VL,5,4
161.76044921875,1,VL,5,4
161.8638671875,1,VL,5,4
161.9732421875,1,VL,5,4
162.07978515625,1,VL,5,4
162.1767578125,1,VL,5,4
162.2767578125,1,VL,5,4
162.37314453125,1,VL,5,4
162.4697265625,1,VL,5,4
162.56181640625,1,VL,5,4
162.66181640625,1,VL,5,4
162.76201171875,1,VL,5,4
162.84453125,1,VL,5,4
162.941015625,1,VL,5,4
163.0375,1,VL,5,4
163.1546875,1,VL,5,4
163.24755859375,1,VL,5,4
163.3498046875,1,VL,5,4
163.43984375,1,VL,5,4
163.54716796875,1,VL,5,4
163.6484375,1,VL,5,4
163.75517578125,1,VL,5,4
163.85283203125,1,VL,5,4
163.9544921875,1,VL,5,4
164.06875,1,VL,5,4
164.1435546875,1,VL,5,4
164.2294921875,1,VL,5,4
164.3185546875,1,VL,5,4
164.40869140625,1,VL,5,4
164.50244140625,1,VL,5,4
164.59453125,1,VL,5,4
164.7013671875,1,VL,5,4
164.79072265625,1,VL,5,4
164.89619140625,1,VL,5,4
164.98193359375,1,VL,5,4
165.09052734375,1,VL,5,4
165.19462890625,1,VL,5,4
165.2951171875,1,VL,5,4
165.39248046875,1,VL,5,4
165.491015625,1,VL,5,4
165.619921875,1,VL,5,4
165.7267578125,1,VL,5,4
165.8462890625,1,VL,5,4
165.9447265625,1,VL,5,4
166.05546875,1,VL,5,4
166.1591796875,1,VL,5,4
166.25791015625,1,VL,5,4
166.33486328125,1,VL,5,4
166.44443359375,1,VL,5,4
166.53388671875,1,VL,5,4
166.64775390625,1,VL,5,4
166.74775390625,1,VL,5,4
166.8349609375,1,VL,5,4
166.92548828125,1,VL,5,4
167.01728515625,1,VL,5,4
167.1041015625,1,VL,5,4
167.21962890625,1,VL,5,4
167.33095703125,1,VL,5,4
167.434375,1,VL,5,4
167.536328125,1,VL,5,4
167.64814453125,1,VL,5,4
167.7486328125,1,VL,5,4
167.8642578125,1,VL,5,4
167.97666015625,1,VL,5,4
168.0822265625,1,VL,5,4
168.18720703125,1,VL,5,4
168.30712890625,1,VL,5,4
168.4181640625,1,VL,5,4
168.51689453125,1,VL,5,4
168.62138671875,1,VL,5,4
168.7314453125,1,VL,5,4
168.834375,1,VL,5,4
168.96689453125,1,VL,5,4
169.06494140625,1,VL,5,4
169.1650390625,1,VL,5,4
169.26796875,1,VL,5,4
169.373828125,1,VL,5,4
169.5048828125,1,VL,5,4
169.606640625,1,VL,5,4
169.7216796875,1,VL,5,4
169.8396484375,1,VL,5,4
169.95087890625,1,VL,5,4
170.0611328125,1,VL,5,4
170.17333984375,1,VL,5,4
170.29228515625,1,VL,5,4
170.39873046875,1,VL,5,4
170.509765625,1,VL,5,4
170.65869140625,1,VL,5,4
170.76728515625,1,VL,5,4
170.86591796875,1,VL,5,4
171.0142578125,1,VL,5,4
171.1119140625,1,VL,5,4
171.22060546875,1,VL,5,4
171.344921875,1,VL,5,4
171.464453125,1,VL,5,4
171.56591796875,1,VL,5,4
171.68037109375,1,VL,5,4
171.7943359375,1,VL,5,4
171.90234375,1,VL,5,4
172.01416015625,1,VL,5,4
172.14384765625,1,VL,5,4
172.24755859375,1,VL,5,4
172.3498046875,1,VL,5,4
172.44599609375,1,VL,5,4
172.54560546875,1,VL,5,4
172.65859375,1,VL,5,4
172.7724609375,1,VL,5,4
172.88154296875,1,VL,5,4
172.98671875,1,VL,5,4
173.087109375,1,VL,5,4
173.1884765625,1,VL,5,4
173.31201171875,1,VL,5,4
173.41064453125,1,VL,5,4
173.51953125,1,VL,5,4
173.6369140625,1,VL,5,4
173.721875,1,VL,5,4
173.817578125,1,VL,5,4
173.91669921875,1,VL,5,4
174.010546875,1,VL,5,4
174.11298828125,1,VL,5,4
174.21708984375,1,VL,5,4
174.333203125,1,VL,5,4
174.42841796875,1,VL,5,4
174.52412109375,1,VL,5,4
174.63046875,1,VL,5,4
174.73515625,1,VL,5,4
174.8451171875,1,VL,5,4
174.98154296875,1,VL,5,4
175.09921875,1,VL,5,4
175.205078125,1,VL,5,4
175.32255859375,1,VL,5,4
175.44033203125,1,VL,5,4
175.54580078125,1,VL,5,4
175.65546875,1,VL,5,4
175.77041015625,1,VL,5,4
175.87607421875,1,VL,5,4
175.99443359375,1,VL,5,4
176.11328125,1,VL,5,4
176.225,1,VL,5,4
176.33994140625,1,VL,5,4
176.44404296875,1,VL,5,4
176.55654296875,1,VL,5,4
176.67333984375,1,VL,5,4
176.7826171875,1,VL,5,4
176.88994140625,1,VL,5,4
176.99892578125,1,VL,5,4
177.11337890625,1,VL,5,4
177.223046875,1,VL,5,4
177.3654296875,1,VL,5,4
177.48037109375,1,VL,5,4
177.5966796875,1,VL,5,4
177.7087890625,1,VL,5,4
177.82158203125,1,VL,5,4
177.937109375,1,VL,5,4
178.04072265625,1,VL,5,4
178.15185546875,1,VL,5,4
178.2705078125,1,VL,5,4
178.379296875,1,VL,5,4
178.50078125,1,VL,5,4
178.61494140625,1,VL,5,4
178.73642578125,1,VL,5,4
178.8505859375,1,VL,5,4
178.95966796875,1,VL,5,4
179.07314453125,1,VL,5,4
179.183984375,1,VL,5,4
179.28935546875,1,VL,5,4
179.39697265625,1,VL,5,4
179.51201171875,1,VL,5,4
179.6228515625,1,VL,5,4
179.735546875,1,VL,5,4
179.8447265625,1,VL,5,4
179.96552734375,1,VL,5,4
180.08720703125,1,VL,5,4
180.1970703125,1,VL,5,4
180.30947265625,1,VL,5,4
180.4109375,1,VL,5,4
180.51669921875,1,VL,5,4
180.62412109375,1,VL,5,4
180.742578125,1,VL,5,4
180.86005859375,1,VL,5,4
180.9611328125,1,VL,5,4
181.0662109375,1,VL,5,4
181.181640625,1,VL,5,4
181.2994140625,1,VL,5,4
181.41650390625,1,VL,5,4
181.5296875,1,VL,5,4
181.63896484375,1,VL,5,4
181.73408203125,1,VL,5,4
181.83798828125,1,VL,5,4
181.96513671875,1,VL,5,4
182.07783203125,1,VL,5,4
182.18173828125,1,VL,5,4
182.28935546875,1,VL,5,4
182.3953125,1,VL,5,4
182.5095703125,1,VL,5,4
182.61845703125,1,VL,5,4
182.73271484375,1,VL,5,4
182.84384765625,1,VL,5,4
182.97548828125,1,VL,5,4
183.08994140625,1,VL,5,4
183.19541015625,1,VL,5,4
183.310546875,1,VL,5,4
183.4279296875,1,VL,5,4
183.526171875,1,VL,5,4
183.63466796875,1,VL,5,4
183.73466796875,1,VL,5,4
183.84111328125,1,VL,5,4
183.950390625,1,VL,5,4
184.0578125,1,VL,5,4
184.1548828125,1,VL,5,4
184.24345703125,1,VL,5,4
184.33603515625,1,VL,5,4
184.4359375,1,VL,5,4
184.541796875,1,VL,5,4
184.65283203125,1,VL,5,4
184.7517578125,1,VL,5,4
184.8587890625,1,VL,5,4
184.96572265625,1,VL,5,4
185.06904296875,1,VL,5,4
185.1685546875,1,VL,5,4
185.29140625,1,VL,5,4
185.38505859375,1,VL,5,4
185.49677734375,1,VL,5,4
185.60615234375,1,VL,5,4
185.71904296875,1,VL,5,4
185.83095703125,1,VL,5,4
185.9521484375,1,VL,5,4
186.06552734375,1,VL,5,4
186.1734375,1,VL,5,4
186.2931640625,1,VL,5,4
186.39228515625,1,VL,5,4
186.4974609375,1,VL,5,4
186.60537109375,1,VL,5,4
186.721484375,1,VL,5,4
186.835546875,1,VL,5,4
186.946875,1,VL,5,4
187.05986328125,1,VL,5,4
187.1771484375,1,VL,5,4
187.298828125,1,VL,5,4
187.41025390625,1,VL,5,4
187.52724609375,1,VL,5,4
187.6396484375,1,VL,5,4
187.751953125,1,VL,5,4
187.86572265625,1,VL,5,4
187.97265625,1,VL,5,4
188.0853515625,1,VL,5,4
188.2017578125,1,VL,5,4
188.30615234375,1,VL,5,4
188.4267578125,1,VL,5,4
188.5640625,1,VL,5,4
188.6875,1,VL,5,4
148.794140625,2,VL,5,4
149.03935546875,2,VL,5,4
149.39228515625,2,VL,5,4
149.61806640625,2,VL,5,4
149.7556640625,2,VL,5,4
149.95009765625,2,VL,5,4
150.14287109375,2,VL,5,4
150.327734375,2,VL,5,4
150.526171875,2,VL,5,4
150.88125,2,VL,5,4
151.05908203125,2,VL,5,4
151.22392578125,2,VL,5,4
151.35546875,2,VL,5,4
151.50556640625,2,VL,5,4
151.65927734375,2,VL,5,4
151.83779296875,2,VL,5,4
152.06650390625,2,VL,5,4
152.23291015625,2,VL,5,4
152.3677734375,2,VL,5,4
152.51787109375,2,VL,5,4
152.6490234375,2,VL,5,4
152.83046875,2,VL,5,4
152.95908203125,2,VL,5,4
153.11533203125,2,VL,5,4
153.30859375,2,VL,5,4
153.439453125,2,VL,5,4
153.59521484375,2,VL,5,4
153.73671875,2,VL,5,4
153.883984375,2,VL,5,4
154.0615234375,2,VL,5,4
154.211328125,2,VL,5,4
154.3501953125,2,VL,5,4
154.4796875,2,VL,5,4
154.71416015625,2,VL,5,4
154.8580078125,2,VL,5,4
154.9916015625,2,VL,5,4
155.12421875,2,VL,5,4
155.27060546875,2,VL,5,4
155.4373046875,2,VL,5,4
155.5708984375,2,VL,5,4
155.7541015625,2,VL,5,4
155.89921875,2,VL,5,4
156.02880859375,2,VL,5,4
156.168359375,2,VL,5,4
156.3078125,2,VL,5,4
156.44814453125,2,VL,5,4
156.5873046875,2,VL,5,4
156.74794921875,2,VL,5,4
156.885546875,2,VL,5,4
157.02265625,2,VL,5,4
157.15419921875,2,VL,5,4
157.32060546875,2,VL,5,4
157.46689453125,2,VL,5,4
157.63134765625,2,VL,5,4
157.769140625,2,VL,5,4
157.94208984375,2,VL,5,4
158.07255859375,2,VL,5,4
158.198828125,2,VL,5,4
158.3498046875,2,VL,5,4
158.48828125,2,VL,5,4
158.637890625,2,VL,5,4
158.7666015625,2,VL,5,4
158.9328125,2,VL,5,4
159.1017578125,2,VL,5,4
159.239453125,2,VL,5,4
159.36884765625,2,VL,5,4
159.48974609375,2,VL,5,4
159.64853515625,2,VL,5,4
159.80732421875,2,VL,5,4
159.92294921875,2,VL,5,4
160.03544921875,2,VL,5,4
160.16435546875,2,VL,5,4
160.3001953125,2,VL,5,4
160.48203125,2,VL,5,4
160.590234375,2,VL,5,4
160.712890625,2,VL,5,4
160.86865234375,2,VL,5,4
161.0328125,2,VL,5,4
161.154296875,2,VL,5,4
161.26591796875,2,VL,5,4
161.39921875,2,VL,5,4
161.5150390625,2,VL,5,4
161.66259765625,2,VL,5,4
161.77880859375,2,VL,5,4
161.97978515625,2,VL,5,4
162.1125,2,VL,5,4
162.2455078125,2,VL,5,4
162.3595703125,2,VL,5,4
162.48955078125,2,VL,5,4
162.6291015625,2,VL,5,4
162.7578125,2,VL,5,4
162.90634765625,2,VL,5,4
163.0318359375,2,VL,5,4
163.16953125,2,VL,5,4
163.2951171875,2,VL,5,4
163.42998046875,2,VL,5,4
163.5603515625,2,VL,5,4
163.68759765625,2,VL,5,4
163.80546875,2,VL,5,4
163.92763671875,2,VL,5,4
164.06005859375,2,VL,5,4
164.15947265625,2,VL,5,4
164.27373046875,2,VL,5,4
164.4052734375,2,VL,5,4
164.52744140625,2,VL,5,4
164.65830078125,2,VL,5,4
164.79375,2,VL,5,4
164.9216796875,2,VL,5,4
165.07509765625,2,VL,5,4
165.21552734375,2,VL,5,4
165.35224609375,2,VL,5,4
165.4853515625,2,VL,5,4
165.6298828125,2,VL,5,4
165.78671875,2,VL,5,4
165.94609375,2,VL,5,4
166.08837890625,2,VL,5,4
166.2158203125,2,VL,5,4
166.35751953125,2,VL,5,4
166.509375,2,VL,5,4
166.6521484375,2,VL,5,4
166.79267578125,2,VL,5,4
166.929296875,2,VL,5,4
167.0533203125,2,VL,5,4
167.20439453125,2,VL,5,4
167.3328125,2,VL,5,4
167.47177734375,2,VL,5,4
167.60205078125,2,VL,5,4
167.7453125,2,VL,5,4
167.87548828125,2,VL,5,4
168.01142578125,2,VL,5,4
168.14599609375,2,VL,5,4
168.30693359375,2,VL,5,4
168.45888671875,2,VL,5,4
168.593359375,2,VL,5,4
168.71328125,2,VL,5,4
168.856640625,2,VL,5,4
169.0328125,2,VL,5,4
169.14677734375,2,VL,5,4
169.2765625,2,VL,5,4
169.43779296875,2,VL,5,4
169.57666015625,2,VL,5,4
169.69814453125,2,VL,5,4
169.85546875,2,VL,5,4
169.98779296875,2,VL,5,4
170.13916015625,2,VL,5,4
170.28203125,2,VL,5,4
170.40966796875,2,VL,5,4
170.57333984375,2,VL,5,4
170.73291015625,2,VL,5,4
170.87099609375,2,VL,5,4
170.9953125,2,VL,5,4
171.14755859375,2,VL,5,4
171.29462890625,2,VL,5,4
171.43291015625,2,VL,5,4
171.5673828125,2,VL,5,4
171.70517578125,2,VL,5,4
171.85595703125,2,VL,5,4
172.01630859375,2,VL,5,4
172.180078125,2,VL,5,4
172.30380859375,2,VL,5,4
172.43115234375,2,VL,5,4
172.58291015625,2,VL,5,4
172.74345703125,2,VL,5,4
172.91572265625,2,VL,5,4
173.0490234375,2,VL,5,4
173.17373046875,2,VL,5,4
173.29921875,2,VL,5,4
173.42890625,2,VL,5,4
173.57666015625,2,VL,5,4
173.696484375,2,VL,5,4
173.83583984375,2,VL,5,4
173.9515625,2,VL,5,4
174.09951171875,2,VL,5,4
174.24404296875,2,VL,5,4
174.39873046875,2,VL,5,4
174.54755859375,2,VL,5,4
174.71240234375,2,VL,5,4
174.85498046875,2,VL,5,4
175.017578125,2,VL,5,4
175.18310546875,2,VL,5,4
175.332421875,2,VL,5,4
175.48193359375,2,VL,5,4
175.63876953125,2,VL,5,4
175.769921875,2,VL,5,4
175.92548828125,2,VL,5,4
176.0763671875,2,VL,5,4
176.20556640625,2,VL,5,4
176.3470703125,2,VL,5,4
176.51923828125,2,VL,5,4
176.65693359375,2,VL,5,4
176.78740234375,2,VL,5,4
176.93349609375,2,VL,5,4
177.08388671875,2,VL,5,4
177.22255859375,2,VL,5,4
177.390625,2,VL,5,4
177.53671875,2,VL,5,4
177.66806640625,2,VL,5,4
177.8103515625,2,VL,5,4
177.95517578125,2,VL,5,4
178.08779296875,2,VL,5,4
178.23349609375,2,VL,5,4
178.34755859375,2,VL,5,4
178.48896484375,2,VL,5,4
178.61806640625,2,VL,5,4
178.761328125,2,VL,5,4
178.89775390625,2,VL,5,4
179.04228515625,2,VL,5,4
179.18662109375,2,VL,5,4
179.3162109375,2,VL,5,4
179.45078125,2,VL,5,4
179.595703125,2,VL,5,4
179.71513671875,2,VL,5,4
179.8869140625,2,VL,5,4
180.04970703125,2,VL,5,4
180.18017578125,2,VL,5,4
180.30205078125,2,VL,5,4
180.45029296875,2,VL,5,4
180.60302734375,2,VL,5,4
180.7416015625,2,VL,5,4
180.88857421875,2,VL,5,4
181.0236328125,2,VL,5,4
181.15419921875,2,VL,5,4
181.2982421875,2,VL,5,4
181.43759765625,2,VL,5,4
181.5921875,2,VL,5,4
181.740234375,2,VL,5,4
181.878515625,2,VL,5,4
182.04892578125,2,VL,5,4
182.171484375,2,VL,5,4
182.31494140625,2,VL,5,4
182.4541015625,2,VL,5,4
182.5806640625,2,VL,5,4
182.7294921875,2,VL,5,4
182.88994140625,2,VL,5,4
183.04384765625,2,VL,5,4
183.186328125,2,VL,5,4
183.35458984375,2,VL,5,4
183.48974609375,2,VL,5,4
183.6275390625,2,VL,5,4
183.7623046875,2,VL,5,4
183.89716796875,2,VL,5,4
184.0587890625,2,VL,5,4
184.19189453125,2,VL,5,4
184.3140625,2,VL,5,4
184.453125,2,VL,5,4
184.58232421875,2,VL,5,4
184.733203125,2,VL,5,4
184.8802734375,2,VL,5,4
184.996875,2,VL,5,4
185.15537109375,2,VL,5,4
185.31201171875,2,VL,5,4
185.466796875,2,VL,5,4
185.60302734375,2,VL,5,4
185.7369140625,2,VL,5,4
185.876953125,2,VL,5,4
186.02060546875,2,VL,5,4
186.16396484375,2,VL,5,4
186.32265625,2,VL,5,4
186.45185546875,2,VL,5,4
186.59267578125,2,VL,5,4
186.75224609375,2,VL,5,4
186.8978515625,2,VL,5,4
187.06923828125,2,VL,5,4
187.234375,2,VL,5,4
187.37568359375,2,VL,5,4
187.54736328125,2,VL,5,4
187.69228515625,2,VL,5,4
187.83896484375,2,VL,5,4
187.98681640625,2,VL,5,4
188.13935546875,2,VL,5,4
188.28896484375,2,VL,5,4
188.45322265625,2,VL,5,4
148.91826171875,3,VL,5,4
149.0591796875,3,VL,5,4
149.20263671875,3,VL,5,4
149.3509765625,3,VL,5,4
149.48603515625,3,VL,5,4
149.64580078125,3,VL,5,4
149.76533203125,3,VL,5,4
149.87880859375,3,VL,5,4
150.00771484375,3,VL,5,4
150.12236328125,3,VL,5,4
150.23017578125,3,VL,5,4
150.34091796875,3,VL,5,4
150.4623046875,3,VL,5,4
150.5822265625,3,VL,5,4
150.694921875,3,VL,5,4
150.825,3,VL,5,4
150.9330078125,3,VL,5,4
151.0486328125,3,VL,5,4
151.16064453125,3,VL,5,4
151.26494140625,3,VL,5,4
151.3734375,3,VL,5,4
151.47978515625,3,VL,5,4
151.59091796875,3,VL,5,4
151.7005859375,3,VL,5,4
151.80048828125,3,VL,5,4
151.90498046875,3,VL,5,4
152.03310546875,3,VL,5,4
152.12763671875,3,VL,5,4
152.23466796875,3,VL,5,4
152.33310546875,3,VL,5,4
152.45361328125,3,VL,5,4
152.54677734375,3,VL,5,4
152.651953125,3,VL,5,4
152.7734375,3,VL,5,4
152.87890625,3,VL,5,4
152.990625,3,VL,5,4
153.083203125,3,VL,5,4
153.18251953125,3,VL,5,4
153.3068359375,3,VL,5,4
153.409765625,3,VL,5,4
153.50498046875,3,VL,5,4
153.61640625,3,VL,5,4
153.72490234375,3,VL,5,4
153.83359375,3,VL,5,4
153.933984375,3,VL,5,4
154.05283203125,3,VL,5,4
154.14892578125,3,VL,5,4
154.25712890625,3,VL,5,4
154.3607421875,3,VL,5,4
154.46640625,3,VL,5,4
154.5779296875,3,VL,5,4
154.6763671875,3,VL,5,4
154.7900390625,3,VL,5,4
154.89765625,3,VL,5,4
154.99775390625,3,VL,5,4
155.10234375,3,VL,5,4
155.2173828125,3,VL,5,4
155.3302734375,3,VL,5,4
155.449609375,3,VL,5,4
155.56025390625,3,VL,5,4
155.6673828125,3,VL,5,4
155.7828125,3,VL,5,4
155.8908203125,3,VL,5,4
156.00029296875,3,VL,5,4
156.0994140625,3,VL,5,4
156.203125,3,VL,5,4
156.34970703125,3,VL,5,4
156.45390625,3,VL,5,4
156.5587890625,3,VL,5,4
156.67275390625,3,VL,5,4
156.7919921875,3,VL,5,4
156.89091796875,3,VL,5,4
157.0044921875,3,VL,5,4
157.106640625,3,VL,5,4
157.2140625,3,VL,5,4
157.32353515625,3,VL,5,4
157.4369140625,3,VL,5,4
157.54326171875,3,VL,5,4
157.65107421875,3,VL,5,4
157.75361328125,3,VL,5,4
157.8576171875,3,VL,5,4
157.973046875,3,VL,5,4
158.073828125,3,VL,5,4
158.17490234375,3,VL,5,4
158.29365234375,3,VL,5,4
158.3970703125,3,VL,5,4
158.509765625,3,VL,5,4
158.6271484375,3,VL,5,4
158.7416015625,3,VL,5,4
158.85498046875,3,VL,5,4
158.9806640625,3,VL,5,4
159.11162109375,3,VL,5,4
159.2279296875,3,VL,5,4
159.3509765625,3,VL,5,4
159.46279296875,3,VL,5,4
159.57919921875,3,VL,5,4
159.68896484375,3,VL,5,4
159.808984375,3,VL,5,4
159.91640625,3,VL,5,4
160.0091796875,3,VL,5,4
160.117578125,3,VL,5,4
160.24384765625,3,VL,5,4
160.35859375,3,VL,5,4
160.478515625,3,VL,5,4
160.577734375,3,VL,5,4
160.67509765625,3,VL,5,4
160.79228515625,3,VL,5,4
160.911328125,3,VL,5,4
161.04365234375,3,VL,5,4
161.13857421875,3,VL,5,4
161.24833984375,3,VL,5,4
161.34228515625,3,VL,5,4
161.44091796875,3,VL,5,4
161.54208984375,3,VL,5,4
161.6755859375,3,VL,5,4
161.778125,3,VL,5,4
161.880078125,3,VL,5,4
161.9919921875,3,VL,5,4
162.1091796875,3,VL,5,4
162.21474609375,3,VL,5,4
162.31318359375,3,VL,5,4
162.419140625,3,VL,5,4
162.520703125,3,VL,5,4
162.633203125,3,VL,5,4
162.7416015625,3,VL,5,4
162.83349609375,3,VL,5,4
162.9486328125,3,VL,5,4
163.0564453125,3,VL,5,4
163.16552734375,3,VL,5,4
163.27509765625,3,VL,5,4
163.38349609375,3,VL,5,4
163.48994140625,3,VL,5,4
163.605078125,3,VL,5,4
163.7185546875,3,VL,5,4
163.820703125,3,VL,5,4
163.935546875,3,VL,5,4
164.03779296875,3,VL,5,4
164.13427734375,3,VL,5,4
164.23623046875,3,VL,5,4
164.34453125,3,VL,5,4
164.45732421875,3,VL,5,4
164.57978515625,3,VL,5,4
164.6841796875,3,VL,5,4
164.80869140625,3,VL,5,4
164.91630859375,3,VL,5,4
165.0302734375,3,VL,5,4
165.141015625,3,VL,5,4
165.25283203125,3,VL,5,4
165.3623046875,3,VL,5,4
165.47568359375,3,VL,5,4
165.6015625,3,VL,5,4
165.71162109375,3,VL,5,4
165.8384765625,3,VL,5,4
165.9337890625,3,VL,5,4
166.0521484375,3,VL,5,4
166.14619140625,3,VL,5,4
166.26201171875,3,VL,5,4
166.38232421875,3,VL,5,4
166.5001953125,3,VL,5,4
166.613671875,3,VL,5,4
166.73583984375,3,VL,5,4
166.84873046875,3,VL,5,4
166.95234375,3,VL,5,4
167.05302734375,3,VL,5,4
167.18173828125,3,VL,5,4
167.29716796875,3,VL,5,4
167.41279296875,3,VL,5,4
167.52060546875,3,VL,5,4
167.64384765625,3,VL,5,4
167.746875,3,VL,5,4
167.87255859375,3,VL,5,4
167.988671875,3,VL,5,4
168.1041015625,3,VL,5,4
168.228515625,3,VL,5,4
168.3513671875,3,VL,5,4
168.4642578125,3,VL,5,4
168.58671875,3,VL,5,4
168.7080078125,3,VL,5,4
168.8208984375,3,VL,5,4
168.9646484375,3,VL,5,4
169.07744140625,3,VL,5,4
169.1900390625,3,VL,5,4
169.3115234375,3,VL,5,4
169.4400390625,3,VL,5,4
169.5484375,3,VL,5,4
169.6595703125,3,VL,5,4
169.77392578125,3,VL,5,4
169.88310546875,3,VL,5,4
169.99697265625,3,VL,5,4
170.10966796875,3,VL,5,4
170.23291015625,3,VL,5,4
170.33984375,3,VL,5,4
170.45361328125,3,VL,5,4
170.57841796875,3,VL,5,4
170.69873046875,3,VL,5,4
170.816015625,3,VL,5,4
170.92236328125,3,VL,5,4
171.038671875,3,VL,5,4
171.1484375,3,VL,5,4
171.273046875,3,VL,5,4
171.39599609375,3,VL,5,4
171.51162109375,3,VL,5,4
171.62626953125,3,VL,5,4
171.74833984375,3,VL,5,4
171.84794921875,3,VL,5,4
171.9666015625,3,VL,5,4
172.11044921875,3,VL,5,4
172.2208984375,3,VL,5,4
172.3279296875,3,VL,5,4
172.444140625,3,VL,5,4
172.5544921875,3,VL,5,4
172.68134765625,3,VL,5,4
172.7998046875,3,VL,5,4
172.91259765625,3,VL,5,4
173.03369140625,3,VL,5,4
173.1431640625,3,VL,5,4
173.25576171875,3,VL,5,4
173.3759765625,3,VL,5,4
173.50126953125,3,VL,5,4
173.62685546875,3,VL,5,4
173.73525390625,3,VL,5,4
173.84912109375,3,VL,5,4
173.971484375,3,VL,5,4
174.09228515625,3,VL,5,4
174.2162109375,3,VL,5,4
174.3423828125,3,VL,5,4
174.4529296875,3,VL,5,4
174.5748046875,3,VL,5,4
174.69453125,3,VL,5,4
174.8125,3,VL,5,4
174.9392578125,3,VL,5,4
175.058984375,3,VL,5,4
175.16591796875,3,VL,5,4
175.29560546875,3,VL,5,4
175.4119140625,3,VL,5,4
175.53740234375,3,VL,5,4
175.6576171875,3,VL,5,4
175.7642578125,3,VL,5,4
175.88486328125,3,VL,5,4
176.00341796875,3,VL,5,4
176.118359375,3,VL,5,4
176.2361328125,3,VL,5,4
176.34892578125,3,VL,5,4
176.47724609375,3,VL,5,4
176.60087890625,3,VL,5,4
176.712890625,3,VL,5,4
176.8298828125,3,VL,5,4
176.94462890625,3,VL,5,4
177.078125,3,VL,5,4
177.194921875,3,VL,5,4
177.3361328125,3,VL,5,4
177.45302734375,3,VL,5,4
177.56416015625,3,VL,5,4
177.68662109375,3,VL,5,4
177.81484375,3,VL,5,4
177.9310546875,3,VL,5,4
178.0568359375,3,VL,5,4
178.19296875,3,VL,5,4
178.3166015625,3,VL,5,4
178.4310546875,3,VL,5,4
178.56220703125,3,VL,5,4
178.69248046875,3,VL,5,4
178.81630859375,3,VL,5,4
178.93212890625,3,VL,5,4
179.05859375,3,VL,5,4
179.16923828125,3,VL,5,4
179.29677734375,3,VL,5,4
179.4146484375,3,VL,5,4
179.53173828125,3,VL,5,4
179.6439453125,3,VL,5,4
179.76767578125,3,VL,5,4
179.89306640625,3,VL,5,4
180.03681640625,3,VL,5,4
180.14140625,3,VL,5,4
180.25166015625,3,VL,5,4
180.36689453125,3,VL,5,4
180.4880859375,3,VL,5,4
180.6068359375,3,VL,5,4
180.7390625,3,VL,5,4
180.87548828125,3,VL,5,4
180.98984375,3,VL,5,4
181.1125,3,VL,5,4
181.22412109375,3,VL,5,4
181.336328125,3,VL,5,4
181.44912109375,3,VL,5,4
181.57080078125,3,VL,5,4
181.6953125,3,VL,5,4
181.79951171875,3,VL,5,4
181.91337890625,3,VL,5,4
182.047265625,3,VL,5,4
182.1615234375,3,VL,5,4
182.26923828125,3,VL,5,4
182.38994140625,3,VL,5,4
182.5044921875,3,VL,5,4
182.61806640625,3,VL,5,4
182.73994140625,3,VL,5,4
182.855859375,3,VL,5,4
182.97822265625,3,VL,5,4
183.10224609375,3,VL,5,4
183.220703125,3,VL,5,4
183.34716796875,3,VL,5,4
183.46875,3,VL,5,4
183.57783203125,3,VL,5,4
183.69580078125,3,VL,5,4
183.7994140625,3,VL,5,4
183.9125,3,VL,5,4
184.030859375,3,VL,5,4
184.13720703125,3,VL,5,4
184.24951171875,3,VL,5,4
184.369140625,3,VL,5,4
184.4810546875,3,VL,5,4
184.58984375,3,VL,5,4
184.703125,3,VL,5,4
184.8126953125,3,VL,5,4
184.93310546875,3,VL,5,4
185.03740234375,3,VL,5,4
185.144140625,3,VL,5,4
185.26484375,3,VL,5,4
185.3759765625,3,VL,5,4
185.4998046875,3,VL,5,4
185.61982421875,3,VL,5,4
185.7232421875,3,VL,5,4
185.8490234375,3,VL,5,4
185.97587890625,3,VL,5,4
186.0919921875,3,VL,5,4
186.2109375,3,VL,5,4
186.33671875,3,VL,5,4
186.45693359375,3,VL,5,4
186.5748046875,3,VL,5,4
186.70224609375,3,VL,5,4
186.81279296875,3,VL,5,4
186.92216796875,3,VL,5,4
187.043359375,3,VL,5,4
187.16005859375,3,VL,5,4
187.29462890625,3,VL,5,4
187.409765625,3,VL,5,4
187.5287109375,3,VL,5,4
187.64501953125,3,VL,5,4
187.75947265625,3,VL,5,4
187.87763671875,3,VL,5,4
187.99013671875,3,VL,5,4
188.10908203125,3,VL,5,4
188.235546875,3,VL,5,4
188.35751953125,3,VL,5,4
188.7025390625,3,VL,5,4
