# File: VM_05.mat, Muscle: VM, Force Level: 5% MVC
# Plateau 1: 4.94s - 45.00s
# Plateau 2: 52.88s - 92.94s
# Plateau 3: 100.81s - 140.88s
# Plateau 4: 148.75s - 188.81s
# Values are spike times in seconds
Spike_Time,MU,Muscle,Force_Level,Plateau
4.99716796875,1,VM,5,1
5.07626953125,1,VM,5,1
5.15966796875,1,VM,5,1
5.2537109375,1,VM,5,1
5.33720703125,1,VM,5,1
5.4203125,1,VM,5,1
5.5125,1,VM,5,1
5.59326171875,1,VM,5,1
5.6779296875,1,VM,5,1
5.75576171875,1,VM,5,1
5.82783203125,1,VM,5,1
5.903125,1,VM,5,1
5.98525390625,1,VM,5,1
6.06201171875,1,VM,5,1
6.13974609375,1,VM,5,1
6.225,1,VM,5,1
6.31806640625,1,VM,5,1
6.397265625,1,VM,5,1
6.48974609375,1,VM,5,1
6.56552734375,1,VM,5,1
6.64677734375,1,VM,5,1
6.7232421875,1,VM,5,1
6.80361328125,1,VM,5,1
6.89306640625,1,VM,5,1
6.975390625,1,VM,5,1
7.05087890625,1,VM,5,1
7.12978515625,1,VM,5,1
7.20419921875,1,VM,5,1
7.29091796875,1,VM,5,1
7.37998046875,1,VM,5,1
7.46728515625,1,VM,5,1
7.55419921875,1,VM,5,1
7.64443359375,1,VM,5,1
7.7234375,1,VM,5,1
7.7943359375,1,VM,5,1
7.8884765625,1,VM,5,1
7.97265625,1,VM,5,1
8.06318359375,1,VM,5,1
8.13955078125,1,VM,5,1
8.226953125,1,VM,5,1
8.32197265625,1,VM,5,1
8.4087890625,1,VM,5,1
8.48623046875,1,VM,5,1
8.57861328125,1,VM,5,1
8.66083984375,1,VM,5,1
8.746875,1,VM,5,1
8.83173828125,1,VM,5,1
8.91435546875,1,VM,5,1
8.997265625,1,VM,5,1
9.08759765625,1,VM,5,1
9.166015625,1,VM,5,1
9.25888671875,1,VM,5,1
9.3470703125,1,VM,5,1
9.44130859375,1,VM,5,1
9.53525390625,1,VM,5,1
9.62744140625,1,VM,5,1
9.71748046875,1,VM,5,1
9.810546875,1,VM,5,1
9.9083984375,1,VM,5,1
9.995703125,1,VM,5,1
10.088671875,1,VM,5,1
10.18525390625,1,VM,5,1
10.27255859375,1,VM,5,1
10.36904296875,1,VM,5,1
10.46357421875,1,VM,5,1
10.5423828125,1,VM,5,1
10.6310546875,1,VM,5,1
10.7125,1,VM,5,1
10.7994140625,1,VM,5,1
10.88955078125,1,VM,5,1
10.97978515625,1,VM,5,1
11.0767578125,1,VM,5,1
11.17060546875,1,VM,5,1
11.2556640625,1,VM,5,1
11.35859375,1,VM,5,1
11.436328125,1,VM,5,1
11.51298828125,1,VM,5,1
11.6146484375,1,VM,5,1
11.69912109375,1,VM,5,1
11.7791015625,1,VM,5,1
11.8658203125,1,VM,5,1
11.95166015625,1,VM,5,1
12.0375,1,VM,5,1
12.133984375,1,VM,5,1
12.216796875,1,VM,5,1
12.3009765625,1,VM,5,1
12.3798828125,1,VM,5,1
12.47724609375,1,VM,5,1
12.56455078125,1,VM,5,1
12.6599609375,1,VM,5,1
12.74990234375,1,VM,5,1
12.84365234375,1,VM,5,1
12.95673828125,1,VM,5,1
13.05595703125,1,VM,5,1
13.1478515625,1,VM,5,1
13.24033203125,1,VM,5,1
13.330859375,1,VM,5,1
13.4228515625,1,VM,5,1
13.513671875,1,VM,5,1
13.60498046875,1,VM,5,1
13.70556640625,1,VM,5,1
13.79521484375,1,VM,5,1
13.8763671875,1,VM,5,1
13.9724609375,1,VM,5,1
14.0564453125,1,VM,5,1
14.13818359375,1,VM,5,1
14.23466796875,1,VM,5,1
14.33447265625,1,VM,5,1
14.42412109375,1,VM,5,1
14.515234375,1,VM,5,1
14.5994140625,1,VM,5,1
14.68203125,1,VM,5,1
14.77861328125,1,VM,5,1
14.8685546875,1,VM,5,1
14.9599609375,1,VM,5,1
15.05625,1,VM,5,1
15.1447265625,1,VM,5,1
15.23642578125,1,VM,5,1
15.3345703125,1,VM,5,1
15.42822265625,1,VM,5,1
15.52080078125,1,VM,5,1
15.6080078125,1,VM,5,1
15.7001953125,1,VM,5,1
15.78544921875,1,VM,5,1
15.88271484375,1,VM,5,1
15.96201171875,1,VM,5,1
16.04453125,1,VM,5,1
16.1396484375,1,VM,5,1
16.23173828125,1,VM,5,1
16.32412109375,1,VM,5,1
16.41123046875,1,VM,5,1
16.49873046875,1,VM,5,1
16.60205078125,1,VM,5,1
16.69013671875,1,VM,5,1
16.79169921875,1,VM,5,1
16.884765625,1,VM,5,1
16.97861328125,1,VM,5,1
17.0720703125,1,VM,5,1
17.16767578125,1,VM,5,1
17.24697265625,1,VM,5,1
17.35146484375,1,VM,5,1
17.4416015625,1,VM,5,1
17.5333984375,1,VM,5,1
17.64697265625,1,VM,5,1
17.72724609375,1,VM,5,1
17.80947265625,1,VM,5,1
17.9201171875,1,VM,5,1
18.0201171875,1,VM,5,1
18.13515625,1,VM,5,1
18.2361328125,1,VM,5,1
18.3251953125,1,VM,5,1
18.42041015625,1,VM,5,1
18.5158203125,1,VM,5,1
18.6001953125,1,VM,5,1
18.69970703125,1,VM,5,1
18.8091796875,1,VM,5,1
18.90908203125,1,VM,5,1
18.9966796875,1,VM,5,1
19.10654296875,1,VM,5,1
19.2044921875,1,VM,5,1
19.30400390625,1,VM,5,1
19.4013671875,1,VM,5,1
19.501953125,1,VM,5,1
19.609375,1,VM,5,1
19.7052734375,1,VM,5,1
19.816015625,1,VM,5,1
19.91123046875,1,VM,5,1
20.0130859375,1,VM,5,1
20.1189453125,1,VM,5,1
20.22177734375,1,VM,5,1
20.31181640625,1,VM,5,1
20.40849609375,1,VM,5,1
20.501953125,1,VM,5,1
20.59892578125,1,VM,5,1
20.71640625,1,VM,5,1
20.8138671875,1,VM,5,1
20.9140625,1,VM,5,1
21.011328125,1,VM,5,1
21.11396484375,1,VM,5,1
21.21298828125,1,VM,5,1
21.30810546875,1,VM,5,1
21.40078125,1,VM,5,1
21.50322265625,1,VM,5,1
21.59482421875,1,VM,5,1
21.68291015625,1,VM,5,1
21.777734375,1,VM,5,1
21.87724609375,1,VM,5,1
21.97734375,1,VM,5,1
22.083984375,1,VM,5,1
22.183203125,1,VM,5,1
22.303125,1,VM,5,1
22.39296875,1,VM,5,1
22.50615234375,1,VM,5,1
22.600390625,1,VM,5,1
22.694140625,1,VM,5,1
22.7912109375,1,VM,5,1
22.88916015625,1,VM,5,1
22.9994140625,1,VM,5,1
23.0869140625,1,VM,5,1
23.1794921875,1,VM,5,1
23.27509765625,1,VM,5,1
23.3744140625,1,VM,5,1
23.47529296875,1,VM,5,1
23.57880859375,1,VM,5,1
23.67900390625,1,VM,5,1
23.77255859375,1,VM,5,1
23.8697265625,1,VM,5,1
23.97451171875,1,VM,5,1
24.07880859375,1,VM,5,1
24.179296875,1,VM,5,1
24.28330078125,1,VM,5,1
24.38759765625,1,VM,5,1
24.48251953125,1,VM,5,1
24.5888671875,1,VM,5,1
24.697265625,1,VM,5,1
24.79296875,1,VM,5,1
24.90458984375,1,VM,5,1
25.01015625,1,VM,5,1
25.11748046875,1,VM,5,1
25.2193359375,1,VM,5,1
25.32158203125,1,VM,5,1
25.412890625,1,VM,5,1
25.5189453125,1,VM,5,1
25.63701171875,1,VM,5,1
25.73984375,1,VM,5,1
25.84013671875,1,VM,5,1
25.94658203125,1,VM,5,1
26.058203125,1,VM,5,1
26.1599609375,1,VM,5,1
26.28330078125,1,VM,5,1
26.384765625,1,VM,5,1
26.472265625,1,VM,5,1
26.58271484375,1,VM,5,1
26.6837890625,1,VM,5,1
26.78740234375,1,VM,5,1
26.8984375,1,VM,5,1
26.99404296875,1,VM,5,1
27.10498046875,1,VM,5,1
27.2095703125,1,VM,5,1
27.3142578125,1,VM,5,1
27.41943359375,1,VM,5,1
27.52294921875,1,VM,5,1
27.6330078125,1,VM,5,1
27.73642578125,1,VM,5,1
27.8216796875,1,VM,5,1
27.92822265625,1,VM,5,1
28.03525390625,1,VM,5,1
28.12470703125,1,VM,5,1
28.23515625,1,VM,5,1
28.33994140625,1,VM,5,1
28.444140625,1,VM,5,1
28.553125,1,VM,5,1
28.659765625,1,VM,5,1
28.7662109375,1,VM,5,1
28.8763671875,1,VM,5,1
28.99296875,1,VM,5,1
29.09716796875,1,VM,5,1
29.20810546875,1,VM,5,1
29.32509765625,1,VM,5,1
29.43291015625,1,VM,5,1
29.54169921875,1,VM,5,1
29.6490234375,1,VM,5,1
29.7673828125,1,VM,5,1
29.879296875,1,VM,5,1
29.98173828125,1,VM,5,1
30.0892578125,1,VM,5,1
30.21455078125,1,VM,5,1
30.3267578125,1,VM,5,1
30.4552734375,1,VM,5,1
30.55126953125,1,VM,5,1
30.6552734375,1,VM,5,1
30.751953125,1,VM,5,1
30.85810546875,1,VM,5,1
30.965234375,1,VM,5,1
31.08076171875,1,VM,5,1
31.17548828125,1,VM,5,1
31.27626953125,1,VM,5,1
31.384765625,1,VM,5,1
31.47666015625,1,VM,5,1
31.57841796875,1,VM,5,1
31.6884765625,1,VM,5,1
31.8125,1,VM,5,1
31.926171875,1,VM,5,1
32.03583984375,1,VM,5,1
32.1416015625,1,VM,5,1
32.25224609375,1,VM,5,1
32.367578125,1,VM,5,1
32.4728515625,1,VM,5,1
32.571875,1,VM,5,1
32.67880859375,1,VM,5,1
32.78916015625,1,VM,5,1
32.89697265625,1,VM,5,1
33.00693359375,1,VM,5,1
33.115625,1,VM,5,1
33.22607421875,1,VM,5,1
33.325,1,VM,5,1
33.430859375,1,VM,5,1
33.5376953125,1,VM,5,1
33.640234375,1,VM,5,1
33.76396484375,1,VM,5,1
33.86953125,1,VM,5,1
33.96015625,1,VM,5,1
34.06787109375,1,VM,5,1
34.16640625,1,VM,5,1
34.2615234375,1,VM,5,1
34.36845703125,1,VM,5,1
34.45810546875,1,VM,5,1
34.563671875,1,VM,5,1
34.69287109375,1,VM,5,1
34.79541015625,1,VM,5,1
34.89853515625,1,VM,5,1
35.009375,1,VM,5,1
35.112109375,1,VM,5,1
35.21640625,1,VM,5,1
35.3232421875,1,VM,5,1
35.444140625,1,VM,5,1
35.5529296875,1,VM,5,1
35.668359375,1,VM,5,1
35.7990234375,1,VM,5,1
35.90576171875,1,VM,5,1
36.01201171875,1,VM,5,1
36.1228515625,1,VM,5,1
36.23359375,1,VM,5,1
36.3302734375,1,VM,5,1
36.4455078125,1,VM,5,1
36.5572265625,1,VM,5,1
36.682421875,1,VM,5,1
36.77783203125,1,VM,5,1
36.8771484375,1,VM,5,1
36.97919921875,1,VM,5,1
37.08193359375,1,VM,5,1
37.1994140625,1,VM,5,1
37.30908203125,1,VM,5,1
37.4208984375,1,VM,5,1
37.52509765625,1,VM,5,1
37.63828125,1,VM,5,1
37.73603515625,1,VM,5,1
37.85654296875,1,VM,5,1
37.96328125,1,VM,5,1
38.0634765625,1,VM,5,1
38.16884765625,1,VM,5,1
38.27236328125,1,VM,5,1
38.38203125,1,VM,5,1
38.48642578125,1,VM,5,1
38.59990234375,1,VM,5,1
38.71611328125,1,VM,5,1
38.82158203125,1,VM,5,1
38.9130859375,1,VM,5,1
39.01572265625,1,VM,5,1
39.1201171875,1,VM,5,1
39.22392578125,1,VM,5,1
39.33232421875,1,VM,5,1
39.44658203125,1,VM,5,1
39.54677734375,1,VM,5,1
39.65478515625,1,VM,5,1
39.7673828125,1,VM,5,1
39.87392578125,1,VM,5,1
39.98828125,1,VM,5,1
40.0869140625,1,VM,5,1
40.18828125,1,VM,5,1
40.29580078125,1,VM,5,1
40.4017578125,1,VM,5,1
40.5005859375,1,VM,5,1
40.605078125,1,VM,5,1
40.7185546875,1,VM,5,1
40.82255859375,1,VM,5,1
40.9248046875,1,VM,5,1
41.03984375,1,VM,5,1
41.14013671875,1,VM,5,1
41.23388671875,1,VM,5,1
41.3458984375,1,VM,5,1
41.4607421875,1,VM,5,1
41.55439453125,1,VM,5,1
41.6693359375,1,VM,5,1
41.78037109375,1,VM,5,1
41.89599609375,1,VM,5,1
41.99501953125,1,VM,5,1
42.1052734375,1,VM,5,1
42.2203125,1,VM,5,1
42.3408203125,1,VM,5,1
42.457421875,1,VM,5,1
42.5689453125,1,VM,5,1
42.6830078125,1,VM,5,1
42.79853515625,1,VM,5,1
42.91162109375,1,VM,5,1
43.0076171875,1,VM,5,1
43.10595703125,1,VM,5,1
43.228515625,1,VM,5,1
43.340234375,1,VM,5,1
43.4546875,1,VM,5,1
43.57646484375,1,VM,5,1
43.68544921875,1,VM,5,1
43.798828125,1,VM,5,1
43.90419921875,1,VM,5,1
44.00947265625,1,VM,5,1
44.12783203125,1,VM,5,1
44.234765625,1,VM,5,1
44.34208984375,1,VM,5,1
44.46572265625,1,VM,5,1
44.58916015625,1,VM,5,1
44.813671875,1,VM,5,1
6.0529296875,2,VM,5,1
6.2119140625,2,VM,5,1
6.3978515625,2,VM,5,1
6.5755859375,2,VM,5,1
6.69658203125,2,VM,5,1
6.82822265625,2,VM,5,1
6.947265625,2,VM,5,1
7.04921875,2,VM,5,1
7.1818359375,2,VM,5,1
7.29072265625,2,VM,5,1
7.4263671875,2,VM,5,1
7.52705078125,2,VM,5,1
7.66982421875,2,VM,5,1
7.7783203125,2,VM,5,1
7.91533203125,2,VM,5,1
8.01884765625,2,VM,5,1
8.1375,2,VM,5,1
8.25029296875,2,VM,5,1
8.40751953125,2,VM,5,1
8.51787109375,2,VM,5,1
8.64365234375,2,VM,5,1
8.76416015625,2,VM,5,1
8.8814453125,2,VM,5,1
8.99775390625,2,VM,5,1
9.133203125,2,VM,5,1
9.246484375,2,VM,5,1
9.35986328125,2,VM,5,1
9.5009765625,2,VM,5,1
9.634765625,2,VM,5,1
9.7544921875,2,VM,5,1
9.862890625,2,VM,5,1
9.97431640625,2,VM,5,1
10.0939453125,2,VM,5,1
10.221875,2,VM,5,1
10.358203125,2,VM,5,1
10.49892578125,2,VM,5,1
10.61484375,2,VM,5,1
10.73349609375,2,VM,5,1
10.8421875,2,VM,5,1
10.95849609375,2,VM,5,1
11.09111328125,2,VM,5,1
11.21416015625,2,VM,5,1
11.38271484375,2,VM,5,1
11.49140625,2,VM,5,1
11.6166015625,2,VM,5,1
11.72861328125,2,VM,5,1
11.82734375,2,VM,5,1
11.9396484375,2,VM,5,1
12.05322265625,2,VM,5,1
12.182421875,2,VM,5,1
12.2896484375,2,VM,5,1
12.40576171875,2,VM,5,1
12.51728515625,2,VM,5,1
12.634375,2,VM,5,1
12.753515625,2,VM,5,1
12.87265625,2,VM,5,1
12.9970703125,2,VM,5,1
13.1185546875,2,VM,5,1
13.23349609375,2,VM,5,1
13.333203125,2,VM,5,1
13.4390625,2,VM,5,1
13.55537109375,2,VM,5,1
13.70087890625,2,VM,5,1
13.8185546875,2,VM,5,1
13.9244140625,2,VM,5,1
14.034765625,2,VM,5,1
14.13720703125,2,VM,5,1
14.27734375,2,VM,5,1
14.398046875,2,VM,5,1
14.5111328125,2,VM,5,1
14.61171875,2,VM,5,1
14.711328125,2,VM,5,1
14.815234375,2,VM,5,1
14.9318359375,2,VM,5,1
15.0822265625,2,VM,5,1
15.19453125,2,VM,5,1
15.29716796875,2,VM,5,1
15.40205078125,2,VM,5,1
15.51455078125,2,VM,5,1
15.62509765625,2,VM,5,1
15.73369140625,2,VM,5,1
15.8341796875,2,VM,5,1
15.95263671875,2,VM,5,1
16.0544921875,2,VM,5,1
16.15966796875,2,VM,5,1
16.26943359375,2,VM,5,1
16.3751953125,2,VM,5,1
16.48486328125,2,VM,5,1
16.5984375,2,VM,5,1
16.70380859375,2,VM,5,1
16.81728515625,2,VM,5,1
16.93662109375,2,VM,5,1
17.0572265625,2,VM,5,1
17.18046875,2,VM,5,1
17.28935546875,2,VM,5,1
17.40947265625,2,VM,5,1
17.53427734375,2,VM,5,1
17.66376953125,2,VM,5,1
17.7724609375,2,VM,5,1
17.8912109375,2,VM,5,1
18.01494140625,2,VM,5,1
18.19443359375,2,VM,5,1
18.29375,2,VM,5,1
18.40625,2,VM,5,1
18.5244140625,2,VM,5,1
18.65068359375,2,VM,5,1
18.79306640625,2,VM,5,1
18.91015625,2,VM,5,1
19.0265625,2,VM,5,1
19.17021484375,2,VM,5,1
19.27861328125,2,VM,5,1
19.40859375,2,VM,5,1
19.5515625,2,VM,5,1
19.6763671875,2,VM,5,1
19.801953125,2,VM,5,1
19.92763671875,2,VM,5,1
20.03359375,2,VM,5,1
20.15625,2,VM,5,1
20.27646484375,2,VM,5,1
20.3888671875,2,VM,5,1
20.48447265625,2,VM,5,1
20.59365234375,2,VM,5,1
20.71640625,2,VM,5,1
20.82626953125,2,VM,5,1
20.95947265625,2,VM,5,1
21.0783203125,2,VM,5,1
21.19501953125,2,VM,5,1
21.30517578125,2,VM,5,1
21.42080078125,2,VM,5,1
21.53359375,2,VM,5,1
21.64716796875,2,VM,5,1
21.77041015625,2,VM,5,1
21.8859375,2,VM,5,1
22.00400390625,2,VM,5,1
22.128515625,2,VM,5,1
22.2654296875,2,VM,5,1
22.37763671875,2,VM,5,1
22.54033203125,2,VM,5,1
22.6509765625,2,VM,5,1
22.77626953125,2,VM,5,1
22.894921875,2,VM,5,1
23.04677734375,2,VM,5,1
23.17275390625,2,VM,5,1
23.2958984375,2,VM,5,1
23.41259765625,2,VM,5,1
23.52900390625,2,VM,5,1
23.64638671875,2,VM,5,1
23.76962890625,2,VM,5,1
23.89921875,2,VM,5,1
24.02919921875,2,VM,5,1
24.14228515625,2,VM,5,1
24.273828125,2,VM,5,1
24.398828125,2,VM,5,1
24.52958984375,2,VM,5,1
24.65615234375,2,VM,5,1
24.77373046875,2,VM,5,1
24.905859375,2,VM,5,1
25.03701171875,2,VM,5,1
25.15244140625,2,VM,5,1
25.28642578125,2,VM,5,1
25.403515625,2,VM,5,1
25.52109375,2,VM,5,1
25.66142578125,2,VM,5,1
25.7673828125,2,VM,5,1
25.8998046875,2,VM,5,1
26.0408203125,2,VM,5,1
26.16943359375,2,VM,5,1
26.29697265625,2,VM,5,1
26.41640625,2,VM,5,1
26.54638671875,2,VM,5,1
26.6703125,2,VM,5,1
26.80810546875,2,VM,5,1
26.93349609375,2,VM,5,1
27.062109375,2,VM,5,1
27.1802734375,2,VM,5,1
27.31650390625,2,VM,5,1
27.4435546875,2,VM,5,1
27.5857421875,2,VM,5,1
27.71650390625,2,VM,5,1
27.8212890625,2,VM,5,1
27.9560546875,2,VM,5,1
28.07421875,2,VM,5,1
28.19970703125,2,VM,5,1
28.32060546875,2,VM,5,1
28.46533203125,2,VM,5,1
28.58603515625,2,VM,5,1
28.71884765625,2,VM,5,1
28.844921875,2,VM,5,1
28.991015625,2,VM,5,1
29.12412109375,2,VM,5,1
29.25390625,2,VM,5,1
29.3880859375,2,VM,5,1
29.5380859375,2,VM,5,1
29.66376953125,2,VM,5,1
29.80712890625,2,VM,5,1
29.928515625,2,VM,5,1
30.05419921875,2,VM,5,1
30.1984375,2,VM,5,1
30.33408203125,2,VM,5,1
30.48369140625,2,VM,5,1
30.615234375,2,VM,5,1
30.738671875,2,VM,5,1
30.87314453125,2,VM,5,1
31.019921875,2,VM,5,1
31.15302734375,2,VM,5,1
31.3025390625,2,VM,5,1
31.42626953125,2,VM,5,1
31.56357421875,2,VM,5,1
31.68818359375,2,VM,5,1
31.840234375,2,VM,5,1
31.9798828125,2,VM,5,1
32.11767578125,2,VM,5,1
32.2544921875,2,VM,5,1
32.39775390625,2,VM,5,1
32.5376953125,2,VM,5,1
32.66953125,2,VM,5,1
32.80986328125,2,VM,5,1
32.93759765625,2,VM,5,1
33.078125,2,VM,5,1
33.2263671875,2,VM,5,1
33.35400390625,2,VM,5,1
33.51376953125,2,VM,5,1
33.63486328125,2,VM,5,1
33.7892578125,2,VM,5,1
33.90341796875,2,VM,5,1
34.02080078125,2,VM,5,1
34.14306640625,2,VM,5,1
34.26474609375,2,VM,5,1
34.3958984375,2,VM,5,1
34.50927734375,2,VM,5,1
34.633203125,2,VM,5,1
34.7607421875,2,VM,5,1
34.88623046875,2,VM,5,1
35.0310546875,2,VM,5,1
35.15654296875,2,VM,5,1
35.27509765625,2,VM,5,1
35.42685546875,2,VM,5,1
35.54931640625,2,VM,5,1
35.712109375,2,VM,5,1
35.845703125,2,VM,5,1
35.9748046875,2,VM,5,1
36.10849609375,2,VM,5,1
36.2458984375,2,VM,5,1
36.38720703125,2,VM,5,1
36.519140625,2,VM,5,1
36.68349609375,2,VM,5,1
36.8001953125,2,VM,5,1
36.9162109375,2,VM,5,1
37.04658203125,2,VM,5,1
37.18974609375,2,VM,5,1
37.33779296875,2,VM,5,1
37.48095703125,2,VM,5,1
37.6224609375,2,VM,5,1
37.74794921875,2,VM,5,1
37.8921875,2,VM,5,1
38.02255859375,2,VM,5,1
38.15087890625,2,VM,5,1
38.28310546875,2,VM,5,1
38.4283203125,2,VM,5,1
38.56337890625,2,VM,5,1
38.7224609375,2,VM,5,1
38.85634765625,2,VM,5,1
38.97685546875,2,VM,5,1
39.10673828125,2,VM,5,1
39.238671875,2,VM,5,1
39.37421875,2,VM,5,1
39.5109375,2,VM,5,1
39.6337890625,2,VM,5,1
39.769140625,2,VM,5,1
39.91103515625,2,VM,5,1
40.03642578125,2,VM,5,1
40.15634765625,2,VM,5,1
40.2865234375,2,VM,5,1
40.4193359375,2,VM,5,1
40.55341796875,2,VM,5,1
40.7005859375,2,VM,5,1
40.82919921875,2,VM,5,1
40.97275390625,2,VM,5,1
41.09677734375,2,VM,5,1
41.22333984375,2,VM,5,1
41.35888671875,2,VM,5,1
41.48916015625,2,VM,5,1
41.61884765625,2,VM,5,1
41.76474609375,2,VM,5,1
41.9017578125,2,VM,5,1
42.04013671875,2,VM,5,1
42.18876953125,2,VM,5,1
42.3267578125,2,VM,5,1
42.4654296875,2,VM,5,1
42.60908203125,2,VM,5,1
42.73955078125,2,VM,5,1
42.87587890625,2,VM,5,1
43.01572265625,2,VM,5,1
43.14990234375,2,VM,5,1
43.28330078125,2,VM,5,1
43.42021484375,2,VM,5,1
43.5458984375,2,VM,5,1
43.684765625,2,VM,5,1
43.82099609375,2,VM,5,1
43.95361328125,2,VM,5,1
44.0978515625,2,VM,5,1
44.22724609375,2,VM,5,1
44.36044921875,2,VM,5,1
44.4927734375,2,VM,5,1
44.64375,2,VM,5,1
31.59208984375,3,VM,5,1
31.9599609375,3,VM,5,1
32.2529296875,3,VM,5,1
32.4712890625,3,VM,5,1
32.63935546875,3,VM,5,1
32.87431640625,3,VM,5,1
33.028515625,3,VM,5,1
33.19697265625,3,VM,5,1
33.32880859375,3,VM,5,1
33.4791015625,3,VM,5,1
33.6166015625,3,VM,5,1
33.82333984375,3,VM,5,1
33.94287109375,3,VM,5,1
34.0943359375,3,VM,5,1
34.230859375,3,VM,5,1
34.38818359375,3,VM,5,1
34.51259765625,3,VM,5,1
34.67822265625,3,VM,5,1
34.79892578125,3,VM,5,1
34.92216796875,3,VM,5,1
35.04794921875,3,VM,5,1
35.1859375,3,VM,5,1
35.30361328125,3,VM,5,1
35.44189453125,3,VM,5,1
35.5701171875,3,VM,5,1
35.72392578125,3,VM,5,1
35.85048828125,3,VM,5,1
35.9755859375,3,VM,5,1
36.0955078125,3,VM,5,1
36.2064453125,3,VM,5,1
36.34423828125,3,VM,5,1
36.4654296875,3,VM,5,1
36.595703125,3,VM,5,1
36.7443359375,3,VM,5,1
36.844140625,3,VM,5,1
36.97197265625,3,VM,5,1
37.099609375,3,VM,5,1
37.224609375,3,VM,5,1
37.371484375,3,VM,5,1
37.49033203125,3,VM,5,1
37.62197265625,3,VM,5,1
37.737890625,3,VM,5,1
37.87666015625,3,VM,5,1
37.99052734375,3,VM,5,1
38.1267578125,3,VM,5,1
38.25390625,3,VM,5,1
38.37119140625,3,VM,5,1
38.4962890625,3,VM,5,1
38.62529296875,3,VM,5,1
38.77216796875,3,VM,5,1
38.87470703125,3,VM,5,1
38.99638671875,3,VM,5,1
39.1171875,3,VM,5,1
39.23505859375,3,VM,5,1
39.364453125,3,VM,5,1
39.49443359375,3,VM,5,1
39.60595703125,3,VM,5,1
39.72177734375,3,VM,5,1
39.83359375,3,VM,5,1
39.96162109375,3,VM,5,1
40.08349609375,3,VM,5,1
40.19560546875,3,VM,5,1
40.32177734375,3,VM,5,1
40.4517578125,3,VM,5,1
40.5759765625,3,VM,5,1
40.7017578125,3,VM,5,1
40.8271484375,3,VM,5,1
40.9513671875,3,VM,5,1
41.06728515625,3,VM,5,1
41.18515625,3,VM,5,1
41.300390625,3,VM,5,1
41.422265625,3,VM,5,1
41.52978515625,3,VM,5,1
41.6548828125,3,VM,5,1
41.78818359375,3,VM,5,1
41.92177734375,3,VM,5,1
42.04521484375,3,VM,5,1
42.1646484375,3,VM,5,1
42.29365234375,3,VM,5,1
42.4224609375,3,VM,5,1
42.5486328125,3,VM,5,1
42.66943359375,3,VM,5,1
42.7888671875,3,VM,5,1
42.91162109375,3,VM,5,1
43.03017578125,3,VM,5,1
43.1521484375,3,VM,5,1
43.27109375,3,VM,5,1
43.38447265625,3,VM,5,1
43.5140625,3,VM,5,1
43.64111328125,3,VM,5,1
43.76767578125,3,VM,5,1
43.89111328125,3,VM,5,1
44.025390625,3,VM,5,1
44.14755859375,3,VM,5,1
44.27998046875,3,VM,5,1
44.39638671875,3,VM,5,1
44.517578125,3,VM,5,1
44.66689453125,3,VM,5,1
52.9541015625,1,VM,5,2
53.0318359375,1,VM,5,2
53.11337890625,1,VM,5,2
53.19091796875,1,VM,5,2
53.27001953125,1,VM,5,2
53.34677734375,1,VM,5,2
53.4337890625,1,VM,5,2
53.51875,1,VM,5,2
53.6052734375,1,VM,5,2
53.68291015625,1,VM,5,2
53.7701171875,1,VM,5,2
53.861328125,1,VM,5,2
53.938671875,1,VM,5,2
54.01337890625,1,VM,5,2
54.09384765625,1,VM,5,2
54.17021484375,1,VM,5,2
54.25830078125,1,VM,5,2
54.3447265625,1,VM,5,2
54.4359375,1,VM,5,2
54.51875,1,VM,5,2
54.59794921875,1,VM,5,2
54.69375,1,VM,5,2
54.782421875,1,VM,5,2
54.87109375,1,VM,5,2
54.96005859375,1,VM,5,2
55.0376953125,1,VM,5,2
55.1291015625,1,VM,5,2
55.2140625,1,VM,5,2
55.30634765625,1,VM,5,2
55.3951171875,1,VM,5,2
55.490234375,1,VM,5,2
55.58369140625,1,VM,5,2
55.66943359375,1,VM,5,2
55.75859375,1,VM,5,2
55.83837890625,1,VM,5,2
55.9203125,1,VM,5,2
56.002734375,1,VM,5,2
56.09052734375,1,VM,5,2
56.16630859375,1,VM,5,2
56.25419921875,1,VM,5,2
56.35654296875,1,VM,5,2
56.444140625,1,VM,5,2
56.532421875,1,VM,5,2
56.6220703125,1,VM,5,2
56.7103515625,1,VM,5,2
56.7978515625,1,VM,5,2
56.877734375,1,VM,5,2
56.9724609375,1,VM,5,2
57.06181640625,1,VM,5,2
57.1494140625,1,VM,5,2
57.24169921875,1,VM,5,2
57.32470703125,1,VM,5,2
57.41455078125,1,VM,5,2
57.50322265625,1,VM,5,2
57.60869140625,1,VM,5,2
57.70078125,1,VM,5,2
57.779296875,1,VM,5,2
57.87578125,1,VM,5,2
57.95390625,1,VM,5,2
58.0439453125,1,VM,5,2
58.13037109375,1,VM,5,2
58.212109375,1,VM,5,2
58.30673828125,1,VM,5,2
58.4009765625,1,VM,5,2
58.4869140625,1,VM,5,2
58.57373046875,1,VM,5,2
58.661328125,1,VM,5,2
58.753515625,1,VM,5,2
58.84560546875,1,VM,5,2
58.92373046875,1,VM,5,2
59.0244140625,1,VM,5,2
59.1193359375,1,VM,5,2
59.20654296875,1,VM,5,2
59.296484375,1,VM,5,2
59.3953125,1,VM,5,2
59.48291015625,1,VM,5,2
59.56953125,1,VM,5,2
59.6625,1,VM,5,2
59.754296875,1,VM,5,2
59.8431640625,1,VM,5,2
59.94609375,1,VM,5,2
60.03427734375,1,VM,5,2
60.12275390625,1,VM,5,2
60.2072265625,1,VM,5,2
60.2978515625,1,VM,5,2
60.3873046875,1,VM,5,2
60.4912109375,1,VM,5,2
60.5865234375,1,VM,5,2
60.68203125,1,VM,5,2
60.78193359375,1,VM,5,2
60.8751953125,1,VM,5,2
60.98046875,1,VM,5,2
61.0681640625,1,VM,5,2
61.157421875,1,VM,5,2
61.2498046875,1,VM,5,2
61.3314453125,1,VM,5,2
61.41318359375,1,VM,5,2
61.49697265625,1,VM,5,2
61.5890625,1,VM,5,2
61.67587890625,1,VM,5,2
61.76005859375,1,VM,5,2
61.855859375,1,VM,5,2
61.9548828125,1,VM,5,2
62.05263671875,1,VM,5,2
62.14140625,1,VM,5,2
62.2306640625,1,VM,5,2
62.32529296875,1,VM,5,2
62.41142578125,1,VM,5,2
62.50537109375,1,VM,5,2
62.60146484375,1,VM,5,2
62.68857421875,1,VM,5,2
62.78408203125,1,VM,5,2
62.87470703125,1,VM,5,2
62.96240234375,1,VM,5,2
63.0412109375,1,VM,5,2
63.129296875,1,VM,5,2
63.21689453125,1,VM,5,2
63.31513671875,1,VM,5,2
63.4,1,VM,5,2
63.48740234375,1,VM,5,2
63.58583984375,1,VM,5,2
63.6890625,1,VM,5,2
63.78056640625,1,VM,5,2
63.88955078125,1,VM,5,2
63.9884765625,1,VM,5,2
64.07216796875,1,VM,5,2
64.1583984375,1,VM,5,2
64.2453125,1,VM,5,2
64.33701171875,1,VM,5,2
64.42568359375,1,VM,5,2
64.51357421875,1,VM,5,2
64.6044921875,1,VM,5,2
64.71513671875,1,VM,5,2
64.81337890625,1,VM,5,2
64.90927734375,1,VM,5,2
65.00498046875,1,VM,5,2
65.11279296875,1,VM,5,2
65.203125,1,VM,5,2
65.29375,1,VM,5,2
65.39990234375,1,VM,5,2
65.5052734375,1,VM,5,2
65.60546875,1,VM,5,2
65.70029296875,1,VM,5,2
65.80341796875,1,VM,5,2
65.89453125,1,VM,5,2
65.98515625,1,VM,5,2
66.08251953125,1,VM,5,2
66.17216796875,1,VM,5,2
66.265625,1,VM,5,2
66.34833984375,1,VM,5,2
66.4357421875,1,VM,5,2
66.53232421875,1,VM,5,2
66.62529296875,1,VM,5,2
66.72529296875,1,VM,5,2
66.83173828125,1,VM,5,2
66.92353515625,1,VM,5,2
67.01767578125,1,VM,5,2
67.108984375,1,VM,5,2
67.19677734375,1,VM,5,2
67.2892578125,1,VM,5,2
67.376953125,1,VM,5,2
67.4755859375,1,VM,5,2
67.5701171875,1,VM,5,2
67.66298828125,1,VM,5,2
67.7544921875,1,VM,5,2
67.8466796875,1,VM,5,2
67.94140625,1,VM,5,2
68.03759765625,1,VM,5,2
68.130078125,1,VM,5,2
68.21259765625,1,VM,5,2
68.32109375,1,VM,5,2
68.411328125,1,VM,5,2
68.49677734375,1,VM,5,2
68.60126953125,1,VM,5,2
68.70068359375,1,VM,5,2
68.7880859375,1,VM,5,2
68.87958984375,1,VM,5,2
68.96865234375,1,VM,5,2
69.048046875,1,VM,5,2
69.140234375,1,VM,5,2
69.23115234375,1,VM,5,2
69.325,1,VM,5,2
69.4140625,1,VM,5,2
69.50458984375,1,VM,5,2
69.58388671875,1,VM,5,2
69.6759765625,1,VM,5,2
69.76181640625,1,VM,5,2
69.850390625,1,VM,5,2
69.93857421875,1,VM,5,2
70.02412109375,1,VM,5,2
70.11376953125,1,VM,5,2
70.20390625,1,VM,5,2
70.2892578125,1,VM,5,2
70.3892578125,1,VM,5,2
70.47705078125,1,VM,5,2
70.55810546875,1,VM,5,2
70.6326171875,1,VM,5,2
70.7064453125,1,VM,5,2
70.79501953125,1,VM,5,2
70.88623046875,1,VM,5,2
70.97353515625,1,VM,5,2
71.066015625,1,VM,5,2
71.15947265625,1,VM,5,2
71.24619140625,1,VM,5,2
71.33466796875,1,VM,5,2
71.4306640625,1,VM,5,2
71.5236328125,1,VM,5,2
71.607421875,1,VM,5,2
71.69580078125,1,VM,5,2
71.792578125,1,VM,5,2
71.88232421875,1,VM,5,2
71.9697265625,1,VM,5,2
72.05849609375,1,VM,5,2
72.14453125,1,VM,5,2
72.2345703125,1,VM,5,2
72.32744140625,1,VM,5,2
72.42939453125,1,VM,5,2
72.53193359375,1,VM,5,2
72.63232421875,1,VM,5,2
72.728125,1,VM,5,2
72.820703125,1,VM,5,2
72.91455078125,1,VM,5,2
73.008984375,1,VM,5,2
73.1087890625,1,VM,5,2
73.20947265625,1,VM,5,2
73.3095703125,1,VM,5,2
73.40146484375,1,VM,5,2
73.506640625,1,VM,5,2
73.60244140625,1,VM,5,2
73.69853515625,1,VM,5,2
73.78603515625,1,VM,5,2
73.88828125,1,VM,5,2
73.9970703125,1,VM,5,2
74.103515625,1,VM,5,2
74.20185546875,1,VM,5,2
74.30302734375,1,VM,5,2
74.405859375,1,VM,5,2
74.49951171875,1,VM,5,2
74.5982421875,1,VM,5,2
74.699609375,1,VM,5,2
74.8052734375,1,VM,5,2
74.905859375,1,VM,5,2
75.0142578125,1,VM,5,2
75.10595703125,1,VM,5,2
75.1951171875,1,VM,5,2
75.29765625,1,VM,5,2
75.39619140625,1,VM,5,2
75.50009765625,1,VM,5,2
75.60009765625,1,VM,5,2
75.6947265625,1,VM,5,2
75.80087890625,1,VM,5,2
75.9009765625,1,VM,5,2
76.0029296875,1,VM,5,2
76.10244140625,1,VM,5,2
76.201953125,1,VM,5,2
76.31142578125,1,VM,5,2
76.4107421875,1,VM,5,2
76.49501953125,1,VM,5,2
76.596875,1,VM,5,2
76.6958984375,1,VM,5,2
76.812890625,1,VM,5,2
76.89951171875,1,VM,5,2
76.9923828125,1,VM,5,2
77.09794921875,1,VM,5,2
77.20615234375,1,VM,5,2
77.3294921875,1,VM,5,2
77.41640625,1,VM,5,2
77.52470703125,1,VM,5,2
77.63125,1,VM,5,2
77.72763671875,1,VM,5,2
77.8275390625,1,VM,5,2
77.9298828125,1,VM,5,2
78.02646484375,1,VM,5,2
78.12646484375,1,VM,5,2
78.23076171875,1,VM,5,2
78.34208984375,1,VM,5,2
78.45009765625,1,VM,5,2
78.55869140625,1,VM,5,2
78.6572265625,1,VM,5,2
78.75478515625,1,VM,5,2
78.86044921875,1,VM,5,2
78.9650390625,1,VM,5,2
79.0701171875,1,VM,5,2
79.17734375,1,VM,5,2
79.2798828125,1,VM,5,2
79.38857421875,1,VM,5,2
79.489453125,1,VM,5,2
79.59365234375,1,VM,5,2
79.7021484375,1,VM,5,2
79.8021484375,1,VM,5,2
79.91259765625,1,VM,5,2
80.0099609375,1,VM,5,2
80.11474609375,1,VM,5,2
80.216015625,1,VM,5,2
80.3177734375,1,VM,5,2
80.4302734375,1,VM,5,2
80.52021484375,1,VM,5,2
80.62060546875,1,VM,5,2
80.715234375,1,VM,5,2
80.82119140625,1,VM,5,2
80.9130859375,1,VM,5,2
81.01708984375,1,VM,5,2
81.1138671875,1,VM,5,2
81.21943359375,1,VM,5,2
81.3220703125,1,VM,5,2
81.42470703125,1,VM,5,2
81.5142578125,1,VM,5,2
81.60029296875,1,VM,5,2
81.7052734375,1,VM,5,2
81.8115234375,1,VM,5,2
81.9091796875,1,VM,5,2
82.00185546875,1,VM,5,2
82.10791015625,1,VM,5,2
82.20693359375,1,VM,5,2
82.30576171875,1,VM,5,2
82.40927734375,1,VM,5,2
82.51201171875,1,VM,5,2
82.62373046875,1,VM,5,2
82.72822265625,1,VM,5,2
82.83173828125,1,VM,5,2
82.9275390625,1,VM,5,2
83.03369140625,1,VM,5,2
83.13984375,1,VM,5,2
83.24736328125,1,VM,5,2
83.35224609375,1,VM,5,2
83.4490234375,1,VM,5,2
83.5568359375,1,VM,5,2
83.6708984375,1,VM,5,2
83.76748046875,1,VM,5,2
83.871875,1,VM,5,2
83.95615234375,1,VM,5,2
84.0642578125,1,VM,5,2
84.17099609375,1,VM,5,2
84.26689453125,1,VM,5,2
84.36875,1,VM,5,2
84.47080078125,1,VM,5,2
84.57978515625,1,VM,5,2
84.68505859375,1,VM,5,2
84.78837890625,1,VM,5,2
84.879296875,1,VM,5,2
85.00263671875,1,VM,5,2
85.0919921875,1,VM,5,2
85.19970703125,1,VM,5,2
85.29814453125,1,VM,5,2
85.4056640625,1,VM,5,2
85.50791015625,1,VM,5,2
85.61064453125,1,VM,5,2
85.7025390625,1,VM,5,2
85.80224609375,1,VM,5,2
85.9009765625,1,VM,5,2
86.000390625,1,VM,5,2
86.09833984375,1,VM,5,2
86.19326171875,1,VM,5,2
86.28427734375,1,VM,5,2
86.37626953125,1,VM,5,2
86.47392578125,1,VM,5,2
86.5748046875,1,VM,5,2
86.6728515625,1,VM,5,2
86.77890625,1,VM,5,2
86.8716796875,1,VM,5,2
86.9724609375,1,VM,5,2
87.07568359375,1,VM,5,2
87.17197265625,1,VM,5,2
87.2544921875,1,VM,5,2
87.35751953125,1,VM,5,2
87.45927734375,1,VM,5,2
87.5634765625,1,VM,5,2
87.66044921875,1,VM,5,2
87.76396484375,1,VM,5,2
87.86630859375,1,VM,5,2
87.9681640625,1,VM,5,2
88.06708984375,1,VM,5,2
88.1740234375,1,VM,5,2
88.2671875,1,VM,5,2
88.36796875,1,VM,5,2
88.4625,1,VM,5,2
88.56298828125,1,VM,5,2
88.6548828125,1,VM,5,2
88.7626953125,1,VM,5,2
88.86259765625,1,VM,5,2
88.969140625,1,VM,5,2
89.0751953125,1,VM,5,2
89.18251953125,1,VM,5,2
89.27158203125,1,VM,5,2
89.37900390625,1,VM,5,2
89.4849609375,1,VM,5,2
89.58974609375,1,VM,5,2
89.6970703125,1,VM,5,2
89.79833984375,1,VM,5,2
89.89521484375,1,VM,5,2
89.997265625,1,VM,5,2
90.10830078125,1,VM,5,2
90.20341796875,1,VM,5,2
90.30673828125,1,VM,5,2
90.41787109375,1,VM,5,2
90.51513671875,1,VM,5,2
90.64091796875,1,VM,5,2
90.74375,1,VM,5,2
90.833984375,1,VM,5,2
90.93330078125,1,VM,5,2
91.02685546875,1,VM,5,2
91.13486328125,1,VM,5,2
91.24033203125,1,VM,5,2
91.339453125,1,VM,5,2
91.44736328125,1,VM,5,2
91.54501953125,1,VM,5,2
91.65849609375,1,VM,5,2
91.77021484375,1,VM,5,2
91.88154296875,1,VM,5,2
91.98525390625,1,VM,5,2
92.09453125,1,VM,5,2
92.192578125,1,VM,5,2
92.28193359375,1,VM,5,2
92.38515625,1,VM,5,2
92.50546875,1,VM,5,2
92.61533203125,1,VM,5,2
92.73916015625,1,VM,5,2
66.39306640625,2,VM,5,2
66.61181640625,2,VM,5,2
66.92685546875,2,VM,5,2
67.0884765625,2,VM,5,2
67.22568359375,2,VM,5,2
67.385546875,2,VM,5,2
67.5908203125,2,VM,5,2
67.75263671875,2,VM,5,2
67.9380859375,2,VM,5,2
68.04228515625,2,VM,5,2
68.17109375,2,VM,5,2
68.35107421875,2,VM,5,2
68.47724609375,2,VM,5,2
68.6181640625,2,VM,5,2
68.77763671875,2,VM,5,2
68.8857421875,2,VM,5,2
69.00693359375,2,VM,5,2
69.1267578125,2,VM,5,2
69.24482421875,2,VM,5,2
69.35068359375,2,VM,5,2
69.4640625,2,VM,5,2
69.56982421875,2,VM,5,2
69.6802734375,2,VM,5,2
69.80068359375,2,VM,5,2
69.9109375,2,VM,5,2
70.023828125,2,VM,5,2
70.142578125,2,VM,5,2
70.2525390625,2,VM,5,2
70.36708984375,2,VM,5,2
70.4802734375,2,VM,5,2
70.5703125,2,VM,5,2
70.67294921875,2,VM,5,2
70.77109375,2,VM,5,2
70.8703125,2,VM,5,2
70.99150390625,2,VM,5,2
71.09658203125,2,VM,5,2
71.21396484375,2,VM,5,2
71.32548828125,2,VM,5,2
71.4302734375,2,VM,5,2
71.53642578125,2,VM,5,2
71.6533203125,2,VM,5,2
71.75244140625,2,VM,5,2
71.86640625,2,VM,5,2
71.9689453125,2,VM,5,2
72.07080078125,2,VM,5,2
72.1736328125,2,VM,5,2
72.2830078125,2,VM,5,2
72.39375,2,VM,5,2
72.51669921875,2,VM,5,2
72.65068359375,2,VM,5,2
72.76796875,2,VM,5,2
72.8708984375,2,VM,5,2
72.97958984375,2,VM,5,2
73.11171875,2,VM,5,2
73.22998046875,2,VM,5,2
73.35966796875,2,VM,5,2
73.48212890625,2,VM,5,2
73.6005859375,2,VM,5,2
73.72421875,2,VM,5,2
73.84287109375,2,VM,5,2
73.993359375,2,VM,5,2
74.15068359375,2,VM,5,2
74.28291015625,2,VM,5,2
74.3962890625,2,VM,5,2
74.52978515625,2,VM,5,2
74.65146484375,2,VM,5,2
74.78603515625,2,VM,5,2
74.9115234375,2,VM,5,2
75.0314453125,2,VM,5,2
75.1341796875,2,VM,5,2
75.25146484375,2,VM,5,2
75.371875,2,VM,5,2
75.49697265625,2,VM,5,2
75.614453125,2,VM,5,2
75.73369140625,2,VM,5,2
75.855859375,2,VM,5,2
75.991796875,2,VM,5,2
76.13876953125,2,VM,5,2
76.29541015625,2,VM,5,2
76.41220703125,2,VM,5,2
76.52958984375,2,VM,5,2
76.6482421875,2,VM,5,2
76.78955078125,2,VM,5,2
76.89892578125,2,VM,5,2
77.01708984375,2,VM,5,2
77.132421875,2,VM,5,2
77.29990234375,2,VM,5,2
77.42265625,2,VM,5,2
77.56806640625,2,VM,5,2
77.68623046875,2,VM,5,2
77.8521484375,2,VM,5,2
77.96982421875,2,VM,5,2
78.0939453125,2,VM,5,2
78.24462890625,2,VM,5,2
78.3865234375,2,VM,5,2
78.5203125,2,VM,5,2
78.65302734375,2,VM,5,2
78.78134765625,2,VM,5,2
78.8990234375,2,VM,5,2
79.052734375,2,VM,5,2
79.17744140625,2,VM,5,2
79.30419921875,2,VM,5,2
79.436328125,2,VM,5,2
79.5603515625,2,VM,5,2
79.69931640625,2,VM,5,2
79.8259765625,2,VM,5,2
79.9611328125,2,VM,5,2
80.09365234375,2,VM,5,2
80.2255859375,2,VM,5,2
80.36552734375,2,VM,5,2
80.4998046875,2,VM,5,2
80.6416015625,2,VM,5,2
80.78056640625,2,VM,5,2
80.8935546875,2,VM,5,2
81.05048828125,2,VM,5,2
81.19384765625,2,VM,5,2
81.32060546875,2,VM,5,2
81.45849609375,2,VM,5,2
81.571484375,2,VM,5,2
81.6888671875,2,VM,5,2
81.80927734375,2,VM,5,2
81.92509765625,2,VM,5,2
82.03369140625,2,VM,5,2
82.179296875,2,VM,5,2
82.3373046875,2,VM,5,2
82.4693359375,2,VM,5,2
82.603515625,2,VM,5,2
82.7392578125,2,VM,5,2
82.86298828125,2,VM,5,2
83.00087890625,2,VM,5,2
83.12490234375,2,VM,5,2
83.2501953125,2,VM,5,2
83.38212890625,2,VM,5,2
83.501953125,2,VM,5,2
83.62587890625,2,VM,5,2
83.75751953125,2,VM,5,2
83.885546875,2,VM,5,2
84.0013671875,2,VM,5,2
84.133984375,2,VM,5,2
84.245703125,2,VM,5,2
84.3517578125,2,VM,5,2
84.47890625,2,VM,5,2
84.6060546875,2,VM,5,2
84.721484375,2,VM,5,2
84.84912109375,2,VM,5,2
84.996875,2,VM,5,2
85.10634765625,2,VM,5,2
85.22744140625,2,VM,5,2
85.34853515625,2,VM,5,2
85.4767578125,2,VM,5,2
85.6095703125,2,VM,5,2
85.73046875,2,VM,5,2
85.84306640625,2,VM,5,2
85.96337890625,2,VM,5,2
86.080078125,2,VM,5,2
86.18564453125,2,VM,5,2
86.29609375,2,VM,5,2
86.41806640625,2,VM,5,2
86.53095703125,2,VM,5,2
86.6388671875,2,VM,5,2
86.76201171875,2,VM,5,2
86.87666015625,2,VM,5,2
86.98955078125,2,VM,5,2
87.11875,2,VM,5,2
87.24052734375,2,VM,5,2
87.37578125,2,VM,5,2
87.50302734375,2,VM,5,2
87.61904296875,2,VM,5,2
87.74091796875,2,VM,5,2
87.84580078125,2,VM,5,2
87.9658203125,2,VM,5,2
88.0873046875,2,VM,5,2
88.194140625,2,VM,5,2
88.30537109375,2,VM,5,2
88.42646484375,2,VM,5,2
88.54736328125,2,VM,5,2
88.653125,2,VM,5,2
88.77783203125,2,VM,5,2
88.8857421875,2,VM,5,2
89.0015625,2,VM,5,2
89.11083984375,2,VM,5,2
89.22841796875,2,VM,5,2
89.34931640625,2,VM,5,2
89.46103515625,2,VM,5,2
89.59609375,2,VM,5,2
89.71318359375,2,VM,5,2
89.84326171875,2,VM,5,2
89.95576171875,2,VM,5,2
90.09140625,2,VM,5,2
90.2015625,2,VM,5,2
90.3142578125,2,VM,5,2
90.4419921875,2,VM,5,2
90.581640625,2,VM,5,2
90.72705078125,2,VM,5,2
90.827734375,2,VM,5,2
90.93740234375,2,VM,5,2
91.0474609375,2,VM,5,2
91.15888671875,2,VM,5,2
91.2837890625,2,VM,5,2
91.397265625,2,VM,5,2
91.51103515625,2,VM,5,2
91.628125,2,VM,5,2
91.7666015625,2,VM,5,2
91.88017578125,2,VM,5,2
92.0021484375,2,VM,5,2
92.120703125,2,VM,5,2
92.2458984375,2,VM,5,2
92.3576171875,2,VM,5,2
92.47705078125,2,VM,5,2
92.6005859375,2,VM,5,2
92.72470703125,2,VM,5,2
92.909765625,2,VM,5,2
69.2158203125,3,VM,5,2
69.421484375,3,VM,5,2
69.6125,3,VM,5,2
69.74365234375,3,VM,5,2
69.89267578125,3,VM,5,2
70.03154296875,3,VM,5,2
70.22294921875,3,VM,5,2
70.34443359375,3,VM,5,2
70.48359375,3,VM,5,2
70.58916015625,3,VM,5,2
70.675390625,3,VM,5,2
70.7806640625,3,VM,5,2
70.890625,3,VM,5,2
71.01875,3,VM,5,2
71.14091796875,3,VM,5,2
71.25546875,3,VM,5,2
71.37861328125,3,VM,5,2
71.4919921875,3,VM,5,2
71.597265625,3,VM,5,2
71.72060546875,3,VM,5,2
71.83759765625,3,VM,5,2
71.94970703125,3,VM,5,2
72.04560546875,3,VM,5,2
72.16669921875,3,VM,5,2
72.28671875,3,VM,5,2
72.4220703125,3,VM,5,2
72.57109375,3,VM,5,2
72.6830078125,3,VM,5,2
72.8041015625,3,VM,5,2
72.91630859375,3,VM,5,2
73.0458984375,3,VM,5,2
73.1732421875,3,VM,5,2
73.30322265625,3,VM,5,2
73.42158203125,3,VM,5,2
73.565625,3,VM,5,2
73.670703125,3,VM,5,2
73.78994140625,3,VM,5,2
73.91591796875,3,VM,5,2
74.05244140625,3,VM,5,2
74.18056640625,3,VM,5,2
74.30703125,3,VM,5,2
74.42197265625,3,VM,5,2
74.54404296875,3,VM,5,2
74.66123046875,3,VM,5,2
74.7990234375,3,VM,5,2
74.91767578125,3,VM,5,2
75.04287109375,3,VM,5,2
75.14921875,3,VM,5,2
75.26025390625,3,VM,5,2
75.39306640625,3,VM,5,2
75.50048828125,3,VM,5,2
75.614453125,3,VM,5,2
75.75009765625,3,VM,5,2
75.87666015625,3,VM,5,2
75.9962890625,3,VM,5,2
76.1060546875,3,VM,5,2
76.2263671875,3,VM,5,2
76.3380859375,3,VM,5,2
76.45166015625,3,VM,5,2
76.5736328125,3,VM,5,2
76.69091796875,3,VM,5,2
76.81513671875,3,VM,5,2
76.91953125,3,VM,5,2
77.0337890625,3,VM,5,2
77.151171875,3,VM,5,2
77.2828125,3,VM,5,2
77.38935546875,3,VM,5,2
77.5111328125,3,VM,5,2
77.63359375,3,VM,5,2
77.7349609375,3,VM,5,2
77.87392578125,3,VM,5,2
77.99189453125,3,VM,5,2
78.10849609375,3,VM,5,2
78.24404296875,3,VM,5,2
78.3638671875,3,VM,5,2
78.491796875,3,VM,5,2
78.599609375,3,VM,5,2
78.7126953125,3,VM,5,2
78.82783203125,3,VM,5,2
78.945703125,3,VM,5,2
79.0759765625,3,VM,5,2
79.19140625,3,VM,5,2
79.3189453125,3,VM,5,2
79.45029296875,3,VM,5,2
79.56220703125,3,VM,5,2
79.6810546875,3,VM,5,2
79.809375,3,VM,5,2
79.91669921875,3,VM,5,2
80.036328125,3,VM,5,2
80.15087890625,3,VM,5,2
80.27177734375,3,VM,5,2
80.43662109375,3,VM,5,2
80.5498046875,3,VM,5,2
80.673828125,3,VM,5,2
80.7982421875,3,VM,5,2
80.912109375,3,VM,5,2
81.034375,3,VM,5,2
81.17578125,3,VM,5,2
81.3111328125,3,VM,5,2
81.44423828125,3,VM,5,2
81.5419921875,3,VM,5,2
81.65693359375,3,VM,5,2
81.77060546875,3,VM,5,2
81.88935546875,3,VM,5,2
82.00263671875,3,VM,5,2
82.171484375,3,VM,5,2
82.29091796875,3,VM,5,2
82.415234375,3,VM,5,2
82.53427734375,3,VM,5,2
82.6599609375,3,VM,5,2
82.78154296875,3,VM,5,2
82.89755859375,3,VM,5,2
83.03564453125,3,VM,5,2
83.1658203125,3,VM,5,2
83.30703125,3,VM,5,2
83.4228515625,3,VM,5,2
83.55908203125,3,VM,5,2
83.70048828125,3,VM,5,2
83.81337890625,3,VM,5,2
83.93271484375,3,VM,5,2
84.04580078125,3,VM,5,2
84.17333984375,3,VM,5,2
84.2828125,3,VM,5,2
84.39990234375,3,VM,5,2
84.50546875,3,VM,5,2
84.6294921875,3,VM,5,2
84.74755859375,3,VM,5,2
84.86640625,3,VM,5,2
84.9923828125,3,VM,5,2
85.096875,3,VM,5,2
85.2060546875,3,VM,5,2
85.33046875,3,VM,5,2
85.45224609375,3,VM,5,2
85.5681640625,3,VM,5,2
85.6939453125,3,VM,5,2
85.80380859375,3,VM,5,2
85.938671875,3,VM,5,2
86.05859375,3,VM,5,2
86.16572265625,3,VM,5,2
86.27529296875,3,VM,5,2
86.39541015625,3,VM,5,2
86.496484375,3,VM,5,2
86.61396484375,3,VM,5,2
86.72392578125,3,VM,5,2
86.83955078125,3,VM,5,2
86.96376953125,3,VM,5,2
87.087890625,3,VM,5,2
87.1958984375,3,VM,5,2
87.35419921875,3,VM,5,2
87.47353515625,3,VM,5,2
87.59423828125,3,VM,5,2
87.7033203125,3,VM,5,2
87.821484375,3,VM,5,2
87.92265625,3,VM,5,2
88.04931640625,3,VM,5,2
88.158984375,3,VM,5,2
88.26708984375,3,VM,5,2
88.383984375,3,VM,5,2
88.49716796875,3,VM,5,2
88.62734375,3,VM,5,2
88.74140625,3,VM,5,2
88.8525390625,3,VM,5,2
88.96630859375,3,VM,5,2
89.081640625,3,VM,5,2
89.19326171875,3,VM,5,2
89.31376953125,3,VM,5,2
89.4388671875,3,VM,5,2
89.55869140625,3,VM,5,2
89.68369140625,3,VM,5,2
89.82177734375,3,VM,5,2
89.9244140625,3,VM,5,2
90.0578125,3,VM,5,2
90.1775390625,3,VM,5,2
90.2919921875,3,VM,5,2
90.42236328125,3,VM,5,2
90.54169921875,3,VM,5,2
90.67587890625,3,VM,5,2
90.7833984375,3,VM,5,2
90.8927734375,3,VM,5,2
91.00908203125,3,VM,5,2
91.1271484375,3,VM,5,2
91.2513671875,3,VM,5,2
91.36982421875,3,VM,5,2
91.48232421875,3,VM,5,2
91.5998046875,3,VM,5,2
91.72587890625,3,VM,5,2
91.844921875,3,VM,5,2
91.96064453125,3,VM,5,2
92.0908203125,3,VM,5,2
92.21201171875,3,VM,5,2
92.31328125,3,VM,5,2
92.43447265625,3,VM,5,2
92.551171875,3,VM,5,2
92.67744140625,3,VM,5,2
92.83603515625,3,VM,5,2
100.85087890625,1,VM,5,3
100.921875,1,VM,5,3
100.99560546875,1,VM,5,3
101.06513671875,1,VM,5,3
101.14453125,1,VM,5,3
101.222265625,1,VM,5,3
101.30361328125,1,VM,5,3
101.39404296875,1,VM,5,3
101.47451171875,1,VM,5,3
101.56767578125,1,VM,5,3
101.64462890625,1,VM,5,3
101.72763671875,1,VM,5,3
101.803515625,1,VM,5,3
101.88095703125,1,VM,5,3
101.95517578125,1,VM,5,3
102.0240234375,1,VM,5,3
102.10302734375,1,VM,5,3
102.18056640625,1,VM,5,3
102.2642578125,1,VM,5,3
102.34765625,1,VM,5,3
102.424609375,1,VM,5,3
102.515234375,1,VM,5,3
102.59384765625,1,VM,5,3
102.686328125,1,VM,5,3
102.77275390625,1,VM,5,3
102.8533203125,1,VM,5,3
102.926171875,1,VM,5,3
103.00869140625,1,VM,5,3
103.08203125,1,VM,5,3
103.16943359375,1,VM,5,3
103.24697265625,1,VM,5,3
103.3251953125,1,VM,5,3
103.41669921875,1,VM,5,3
103.4900390625,1,VM,5,3
103.577734375,1,VM,5,3
103.6515625,1,VM,5,3
103.7388671875,1,VM,5,3
103.8302734375,1,VM,5,3
103.9134765625,1,VM,5,3
103.987109375,1,VM,5,3
104.06943359375,1,VM,5,3
104.1470703125,1,VM,5,3
104.21552734375,1,VM,5,3
104.3005859375,1,VM,5,3
104.381640625,1,VM,5,3
104.466015625,1,VM,5,3
104.54736328125,1,VM,5,3
104.62783203125,1,VM,5,3
104.70927734375,1,VM,5,3
104.796875,1,VM,5,3
104.89423828125,1,VM,5,3
104.9755859375,1,VM,5,3
105.049609375,1,VM,5,3
105.127734375,1,VM,5,3
105.213671875,1,VM,5,3
105.3056640625,1,VM,5,3
105.38896484375,1,VM,5,3
105.4763671875,1,VM,5,3
105.56474609375,1,VM,5,3
105.64912109375,1,VM,5,3
105.7443359375,1,VM,5,3
105.8314453125,1,VM,5,3
105.924609375,1,VM,5,3
106.0103515625,1,VM,5,3
106.09462890625,1,VM,5,3
106.18486328125,1,VM,5,3
106.2736328125,1,VM,5,3
106.36142578125,1,VM,5,3
106.44814453125,1,VM,5,3
106.54150390625,1,VM,5,3
106.6279296875,1,VM,5,3
106.72392578125,1,VM,5,3
106.82255859375,1,VM,5,3
106.9095703125,1,VM,5,3
106.99716796875,1,VM,5,3
107.08212890625,1,VM,5,3
107.16669921875,1,VM,5,3
107.2736328125,1,VM,5,3
107.3677734375,1,VM,5,3
107.46181640625,1,VM,5,3
107.56220703125,1,VM,5,3
107.66025390625,1,VM,5,3
107.744140625,1,VM,5,3
107.84521484375,1,VM,5,3
107.93408203125,1,VM,5,3
108.0251953125,1,VM,5,3
108.11767578125,1,VM,5,3
108.21416015625,1,VM,5,3
108.303125,1,VM,5,3
108.396484375,1,VM,5,3
108.48193359375,1,VM,5,3
108.57802734375,1,VM,5,3
108.67490234375,1,VM,5,3
108.76484375,1,VM,5,3
108.8564453125,1,VM,5,3
108.95244140625,1,VM,5,3
109.03623046875,1,VM,5,3
109.12978515625,1,VM,5,3
109.2328125,1,VM,5,3
109.33642578125,1,VM,5,3
109.43955078125,1,VM,5,3
109.52900390625,1,VM,5,3
109.62939453125,1,VM,5,3
109.7236328125,1,VM,5,3
109.81142578125,1,VM,5,3
109.9216796875,1,VM,5,3
110.01611328125,1,VM,5,3
110.1119140625,1,VM,5,3
110.1955078125,1,VM,5,3
110.28916015625,1,VM,5,3
110.39013671875,1,VM,5,3
110.48388671875,1,VM,5,3
110.5724609375,1,VM,5,3
110.6724609375,1,VM,5,3
110.77822265625,1,VM,5,3
110.89384765625,1,VM,5,3
110.97822265625,1,VM,5,3
111.06708984375,1,VM,5,3
111.1533203125,1,VM,5,3
111.24296875,1,VM,5,3
111.3353515625,1,VM,5,3
111.43798828125,1,VM,5,3
111.5337890625,1,VM,5,3
111.6294921875,1,VM,5,3
111.72509765625,1,VM,5,3
111.8205078125,1,VM,5,3
111.9076171875,1,VM,5,3
111.9912109375,1,VM,5,3
112.08740234375,1,VM,5,3
112.1724609375,1,VM,5,3
112.27900390625,1,VM,5,3
112.3615234375,1,VM,5,3
112.451171875,1,VM,5,3
112.5505859375,1,VM,5,3
112.64013671875,1,VM,5,3
112.7314453125,1,VM,5,3
112.8138671875,1,VM,5,3
112.9125,1,VM,5,3
113.00419921875,1,VM,5,3
113.1060546875,1,VM,5,3
113.209375,1,VM,5,3
113.30244140625,1,VM,5,3
113.39384765625,1,VM,5,3
113.487890625,1,VM,5,3
113.578515625,1,VM,5,3
113.67275390625,1,VM,5,3
113.77275390625,1,VM,5,3
113.87294921875,1,VM,5,3
113.96484375,1,VM,5,3
114.0642578125,1,VM,5,3
114.15615234375,1,VM,5,3
114.24189453125,1,VM,5,3
114.3373046875,1,VM,5,3
114.4349609375,1,VM,5,3
114.51787109375,1,VM,5,3
114.61474609375,1,VM,5,3
114.718359375,1,VM,5,3
114.8091796875,1,VM,5,3
114.9150390625,1,VM,5,3
115.0173828125,1,VM,5,3
115.1208984375,1,VM,5,3
115.21787109375,1,VM,5,3
115.3169921875,1,VM,5,3
115.42275390625,1,VM,5,3
115.5234375,1,VM,5,3
115.6189453125,1,VM,5,3
115.72998046875,1,VM,5,3
115.8236328125,1,VM,5,3
115.92373046875,1,VM,5,3
116.0326171875,1,VM,5,3
116.12529296875,1,VM,5,3
116.2232421875,1,VM,5,3
116.30966796875,1,VM,5,3
116.40673828125,1,VM,5,3
116.50048828125,1,VM,5,3
116.59921875,1,VM,5,3
116.69482421875,1,VM,5,3
116.79580078125,1,VM,5,3
116.885546875,1,VM,5,3
116.98017578125,1,VM,5,3
117.0876953125,1,VM,5,3
117.19033203125,1,VM,5,3
117.286328125,1,VM,5,3
117.3810546875,1,VM,5,3
117.465234375,1,VM,5,3
117.54990234375,1,VM,5,3
117.64423828125,1,VM,5,3
117.72978515625,1,VM,5,3
117.81650390625,1,VM,5,3
117.90654296875,1,VM,5,3
117.991796875,1,VM,5,3
118.0822265625,1,VM,5,3
118.1744140625,1,VM,5,3
118.26748046875,1,VM,5,3
118.3583984375,1,VM,5,3
118.448046875,1,VM,5,3
118.5484375,1,VM,5,3
118.63349609375,1,VM,5,3
118.72900390625,1,VM,5,3
118.8015625,1,VM,5,3
118.88916015625,1,VM,5,3
118.9755859375,1,VM,5,3
119.07021484375,1,VM,5,3
119.1646484375,1,VM,5,3
119.25390625,1,VM,5,3
119.3490234375,1,VM,5,3
119.44462890625,1,VM,5,3
119.5345703125,1,VM,5,3
119.61328125,1,VM,5,3
119.69990234375,1,VM,5,3
119.78681640625,1,VM,5,3
119.872265625,1,VM,5,3
119.9552734375,1,VM,5,3
120.04931640625,1,VM,5,3
120.1390625,1,VM,5,3
120.2287109375,1,VM,5,3
120.3203125,1,VM,5,3
120.4091796875,1,VM,5,3
120.485546875,1,VM,5,3
120.5806640625,1,VM,5,3
120.67548828125,1,VM,5,3
120.76982421875,1,VM,5,3
120.86376953125,1,VM,5,3
120.95107421875,1,VM,5,3
121.0388671875,1,VM,5,3
121.13662109375,1,VM,5,3
121.22412109375,1,VM,5,3
121.32001953125,1,VM,5,3
121.4166015625,1,VM,5,3
121.50478515625,1,VM,5,3
121.59521484375,1,VM,5,3
121.6869140625,1,VM,5,3
121.77763671875,1,VM,5,3
121.8837890625,1,VM,5,3
121.9857421875,1,VM,5,3
122.08291015625,1,VM,5,3
122.18564453125,1,VM,5,3
122.2751953125,1,VM,5,3
122.36689453125,1,VM,5,3
122.463671875,1,VM,5,3
122.573046875,1,VM,5,3
122.67236328125,1,VM,5,3
122.76796875,1,VM,5,3
122.8603515625,1,VM,5,3
122.96123046875,1,VM,5,3
123.06103515625,1,VM,5,3
123.1599609375,1,VM,5,3
123.25693359375,1,VM,5,3
123.35888671875,1,VM,5,3
123.44912109375,1,VM,5,3
123.547265625,1,VM,5,3
123.64716796875,1,VM,5,3
123.74375,1,VM,5,3
123.85283203125,1,VM,5,3
123.9484375,1,VM,5,3
124.046484375,1,VM,5,3
124.13447265625,1,VM,5,3
124.2380859375,1,VM,5,3
124.3404296875,1,VM,5,3
124.43125,1,VM,5,3
124.54052734375,1,VM,5,3
124.64150390625,1,VM,5,3
124.73671875,1,VM,5,3
124.834375,1,VM,5,3
124.94365234375,1,VM,5,3
125.046484375,1,VM,5,3
125.14365234375,1,VM,5,3
125.23232421875,1,VM,5,3
125.32548828125,1,VM,5,3
125.423046875,1,VM,5,3
125.5248046875,1,VM,5,3
125.62861328125,1,VM,5,3
125.74296875,1,VM,5,3
125.8375,1,VM,5,3
125.93623046875,1,VM,5,3
126.036328125,1,VM,5,3
126.1349609375,1,VM,5,3
126.23203125,1,VM,5,3
126.3345703125,1,VM,5,3
126.4263671875,1,VM,5,3
126.5271484375,1,VM,5,3
126.637109375,1,VM,5,3
126.737109375,1,VM,5,3
126.83076171875,1,VM,5,3
126.921875,1,VM,5,3
127.02265625,1,VM,5,3
127.1064453125,1,VM,5,3
127.20419921875,1,VM,5,3
127.30849609375,1,VM,5,3
127.3955078125,1,VM,5,3
127.49609375,1,VM,5,3
127.58798828125,1,VM,5,3
127.7017578125,1,VM,5,3
127.80224609375,1,VM,5,3
127.90302734375,1,VM,5,3
127.99384765625,1,VM,5,3
128.10244140625,1,VM,5,3
128.1994140625,1,VM,5,3
128.300390625,1,VM,5,3
128.4080078125,1,VM,5,3
128.51337890625,1,VM,5,3
128.615234375,1,VM,5,3
128.71630859375,1,VM,5,3
128.819140625,1,VM,5,3
128.92080078125,1,VM,5,3
129.0232421875,1,VM,5,3
129.11220703125,1,VM,5,3
129.21171875,1,VM,5,3
129.30625,1,VM,5,3
129.4146484375,1,VM,5,3
129.51083984375,1,VM,5,3
129.601171875,1,VM,5,3
129.692578125,1,VM,5,3
129.79853515625,1,VM,5,3
129.89453125,1,VM,5,3
129.98564453125,1,VM,5,3
130.09345703125,1,VM,5,3
130.19404296875,1,VM,5,3
130.29697265625,1,VM,5,3
130.38310546875,1,VM,5,3
130.48076171875,1,VM,5,3
130.58896484375,1,VM,5,3
130.6896484375,1,VM,5,3
130.78291015625,1,VM,5,3
130.8919921875,1,VM,5,3
130.99775390625,1,VM,5,3
131.0927734375,1,VM,5,3
131.1919921875,1,VM,5,3
131.29775390625,1,VM,5,3
131.39150390625,1,VM,5,3
131.4845703125,1,VM,5,3
131.58896484375,1,VM,5,3
131.69599609375,1,VM,5,3
131.800390625,1,VM,5,3
131.89580078125,1,VM,5,3
131.99580078125,1,VM,5,3
132.09638671875,1,VM,5,3
132.192578125,1,VM,5,3
132.2927734375,1,VM,5,3
132.38798828125,1,VM,5,3
132.4875,1,VM,5,3
132.58173828125,1,VM,5,3
132.68642578125,1,VM,5,3
132.7880859375,1,VM,5,3
132.89150390625,1,VM,5,3
132.99423828125,1,VM,5,3
133.0998046875,1,VM,5,3
133.20361328125,1,VM,5,3
133.2939453125,1,VM,5,3
133.3865234375,1,VM,5,3
133.4873046875,1,VM,5,3
133.59814453125,1,VM,5,3
133.70791015625,1,VM,5,3
133.81240234375,1,VM,5,3
133.9103515625,1,VM,5,3
134.0044921875,1,VM,5,3
134.09794921875,1,VM,5,3
134.1958984375,1,VM,5,3
134.28994140625,1,VM,5,3
134.3998046875,1,VM,5,3
134.4970703125,1,VM,5,3
134.5994140625,1,VM,5,3
134.6939453125,1,VM,5,3
134.78212890625,1,VM,5,3
134.873828125,1,VM,5,3
134.96728515625,1,VM,5,3
135.0673828125,1,VM,5,3
135.1599609375,1,VM,5,3
135.25634765625,1,VM,5,3
135.367578125,1,VM,5,3
135.4630859375,1,VM,5,3
135.5625,1,VM,5,3
135.66826171875,1,VM,5,3
135.77705078125,1,VM,5,3
135.8708984375,1,VM,5,3
135.9703125,1,VM,5,3
136.07373046875,1,VM,5,3
136.1681640625,1,VM,5,3
136.26357421875,1,VM,5,3
136.37099609375,1,VM,5,3
136.45869140625,1,VM,5,3
136.5505859375,1,VM,5,3
136.64873046875,1,VM,5,3
136.75302734375,1,VM,5,3
136.84736328125,1,VM,5,3
136.94970703125,1,VM,5,3
137.04345703125,1,VM,5,3
137.1423828125,1,VM,5,3
137.2330078125,1,VM,5,3
137.34189453125,1,VM,5,3
137.44248046875,1,VM,5,3
137.54619140625,1,VM,5,3
137.64560546875,1,VM,5,3
137.74609375,1,VM,5,3
137.853125,1,VM,5,3
137.95185546875,1,VM,5,3
138.05869140625,1,VM,5,3
138.162109375,1,VM,5,3
138.26513671875,1,VM,5,3
138.36767578125,1,VM,5,3
138.46328125,1,VM,5,3
138.55947265625,1,VM,5,3
138.65517578125,1,VM,5,3
138.753125,1,VM,5,3
138.8603515625,1,VM,5,3
138.9654296875,1,VM,5,3
139.072265625,1,VM,5,3
139.17216796875,1,VM,5,3
139.2587890625,1,VM,5,3
139.351171875,1,VM,5,3
139.44775390625,1,VM,5,3
139.55634765625,1,VM,5,3
139.6619140625,1,VM,5,3
139.76640625,1,VM,5,3
139.87099609375,1,VM,5,3
139.9666015625,1,VM,5,3
140.069921875,1,VM,5,3
140.167578125,1,VM,5,3
140.2791015625,1,VM,5,3
140.3826171875,1,VM,5,3
140.495703125,1,VM,5,3
140.62109375,1,VM,5,3
140.7447265625,1,VM,5,3
109.0376953125,2,VM,5,3
109.390234375,2,VM,5,3
109.55546875,2,VM,5,3
109.7013671875,2,VM,5,3
109.86806640625,2,VM,5,3
110.03046875,2,VM,5,3
110.17529296875,2,VM,5,3
110.28818359375,2,VM,5,3
110.52861328125,2,VM,5,3
110.66943359375,2,VM,5,3
110.80712890625,2,VM,5,3
110.96474609375,2,VM,5,3
111.09501953125,2,VM,5,3
111.2208984375,2,VM,5,3
111.33935546875,2,VM,5,3
111.47021484375,2,VM,5,3
111.602734375,2,VM,5,3
111.7291015625,2,VM,5,3
111.8380859375,2,VM,5,3
111.96376953125,2,VM,5,3
112.07734375,2,VM,5,3
112.223828125,2,VM,5,3
112.343359375,2,VM,5,3
112.4626953125,2,VM,5,3
112.59912109375,2,VM,5,3
112.71474609375,2,VM,5,3
112.833203125,2,VM,5,3
112.96015625,2,VM,5,3
113.13310546875,2,VM,5,3
113.2423828125,2,VM,5,3
113.375,2,VM,5,3
113.512109375,2,VM,5,3
113.6244140625,2,VM,5,3
113.7662109375,2,VM,5,3
113.902734375,2,VM,5,3
114.01416015625,2,VM,5,3
114.139453125,2,VM,5,3
114.24541015625,2,VM,5,3
114.3615234375,2,VM,5,3
114.475,2,VM,5,3
114.59404296875,2,VM,5,3
114.72802734375,2,VM,5,3
114.86796875,2,VM,5,3
114.9998046875,2,VM,5,3
115.14296875,2,VM,5,3
115.26904296875,2,VM,5,3
115.4205078125,2,VM,5,3
115.53974609375,2,VM,5,3
115.69423828125,2,VM,5,3
115.8193359375,2,VM,5,3
115.963671875,2,VM,5,3
116.1029296875,2,VM,5,3
116.24619140625,2,VM,5,3
116.35771484375,2,VM,5,3
116.4837890625,2,VM,5,3
116.60458984375,2,VM,5,3
116.71728515625,2,VM,5,3
116.84462890625,2,VM,5,3
116.9796875,2,VM,5,3
117.123046875,2,VM,5,3
117.2814453125,2,VM,5,3
117.41240234375,2,VM,5,3
117.52919921875,2,VM,5,3
117.63984375,2,VM,5,3
117.7517578125,2,VM,5,3
117.84326171875,2,VM,5,3
117.95830078125,2,VM,5,3
118.06240234375,2,VM,5,3
118.19677734375,2,VM,5,3
118.31630859375,2,VM,5,3
118.426171875,2,VM,5,3
118.551171875,2,VM,5,3
118.66416015625,2,VM,5,3
118.783203125,2,VM,5,3
118.89130859375,2,VM,5,3
118.998828125,2,VM,5,3
119.11748046875,2,VM,5,3
119.23388671875,2,VM,5,3
119.36103515625,2,VM,5,3
119.47802734375,2,VM,5,3
119.58154296875,2,VM,5,3
119.68828125,2,VM,5,3
119.79306640625,2,VM,5,3
119.89638671875,2,VM,5,3
120.00810546875,2,VM,5,3
120.13330078125,2,VM,5,3
120.2376953125,2,VM,5,3
120.35,2,VM,5,3
120.45712890625,2,VM,5,3
120.579296875,2,VM,5,3
120.6982421875,2,VM,5,3
120.81240234375,2,VM,5,3
120.92001953125,2,VM,5,3
121.02724609375,2,VM,5,3
121.13310546875,2,VM,5,3
121.24453125,2,VM,5,3
121.37890625,2,VM,5,3
121.497265625,2,VM,5,3
121.61220703125,2,VM,5,3
121.72998046875,2,VM,5,3
121.86318359375,2,VM,5,3
121.99130859375,2,VM,5,3
122.1123046875,2,VM,5,3
122.23544921875,2,VM,5,3
122.35078125,2,VM,5,3
122.47470703125,2,VM,5,3
122.6185546875,2,VM,5,3
122.74794921875,2,VM,5,3
122.8853515625,2,VM,5,3
123.0064453125,2,VM,5,3
123.11689453125,2,VM,5,3
123.23828125,2,VM,5,3
123.35830078125,2,VM,5,3
123.4650390625,2,VM,5,3
123.60556640625,2,VM,5,3
123.7212890625,2,VM,5,3
123.85224609375,2,VM,5,3
123.98095703125,2,VM,5,3
124.0875,2,VM,5,3
124.19169921875,2,VM,5,3
124.335546875,2,VM,5,3
124.437890625,2,VM,5,3
124.56357421875,2,VM,5,3
124.6904296875,2,VM,5,3
124.81015625,2,VM,5,3
124.9431640625,2,VM,5,3
125.066796875,2,VM,5,3
125.1806640625,2,VM,5,3
125.27744140625,2,VM,5,3
125.41708984375,2,VM,5,3
125.54736328125,2,VM,5,3
125.6697265625,2,VM,5,3
125.7955078125,2,VM,5,3
125.9240234375,2,VM,5,3
126.0521484375,2,VM,5,3
126.17275390625,2,VM,5,3
126.2865234375,2,VM,5,3
126.417578125,2,VM,5,3
126.550390625,2,VM,5,3
126.68037109375,2,VM,5,3
126.813671875,2,VM,5,3
126.93193359375,2,VM,5,3
127.05546875,2,VM,5,3
127.1806640625,2,VM,5,3
127.29892578125,2,VM,5,3
127.4380859375,2,VM,5,3
127.5416015625,2,VM,5,3
127.65263671875,2,VM,5,3
127.7880859375,2,VM,5,3
127.9125,2,VM,5,3
128.028515625,2,VM,5,3
128.173828125,2,VM,5,3
128.2953125,2,VM,5,3
128.428125,2,VM,5,3
128.5658203125,2,VM,5,3
128.70224609375,2,VM,5,3
128.82060546875,2,VM,5,3
128.95,2,VM,5,3
129.06513671875,2,VM,5,3
129.19619140625,2,VM,5,3
129.33017578125,2,VM,5,3
129.45859375,2,VM,5,3
129.586328125,2,VM,5,3
129.6935546875,2,VM,5,3
129.8390625,2,VM,5,3
129.95087890625,2,VM,5,3
130.09189453125,2,VM,5,3
130.22578125,2,VM,5,3
130.35029296875,2,VM,5,3
130.46591796875,2,VM,5,3
130.5927734375,2,VM,5,3
130.723046875,2,VM,5,3
130.8484375,2,VM,5,3
130.97041015625,2,VM,5,3
131.08740234375,2,VM,5,3
131.21142578125,2,VM,5,3
131.3326171875,2,VM,5,3
131.44755859375,2,VM,5,3
131.5576171875,2,VM,5,3
131.6966796875,2,VM,5,3
131.82109375,2,VM,5,3
131.93798828125,2,VM,5,3
132.0544921875,2,VM,5,3
132.18271484375,2,VM,5,3
132.30927734375,2,VM,5,3
132.4419921875,2,VM,5,3
132.55029296875,2,VM,5,3
132.6869140625,2,VM,5,3
132.8115234375,2,VM,5,3
132.9697265625,2,VM,5,3
133.09619140625,2,VM,5,3
133.2201171875,2,VM,5,3
133.3326171875,2,VM,5,3
133.45791015625,2,VM,5,3
133.58740234375,2,VM,5,3
133.7328125,2,VM,5,3
133.86328125,2,VM,5,3
133.98583984375,2,VM,5,3
134.09228515625,2,VM,5,3
134.22421875,2,VM,5,3
134.34931640625,2,VM,5,3
134.46689453125,2,VM,5,3
134.59912109375,2,VM,5,3
134.72275390625,2,VM,5,3
134.83984375,2,VM,5,3
134.9513671875,2,VM,5,3
135.0701171875,2,VM,5,3
135.2115234375,2,VM,5,3
135.3587890625,2,VM,5,3
135.4849609375,2,VM,5,3
135.608984375,2,VM,5,3
135.73427734375,2,VM,5,3
135.85703125,2,VM,5,3
135.97265625,2,VM,5,3
136.109765625,2,VM,5,3
136.2275390625,2,VM,5,3
136.3470703125,2,VM,5,3
136.45830078125,2,VM,5,3
136.57724609375,2,VM,5,3
136.7123046875,2,VM,5,3
136.8310546875,2,VM,5,3
136.95205078125,2,VM,5,3
137.0708984375,2,VM,5,3
137.1857421875,2,VM,5,3
137.3001953125,2,VM,5,3
137.42578125,2,VM,5,3
137.5408203125,2,VM,5,3
137.66474609375,2,VM,5,3
137.7896484375,2,VM,5,3
137.90673828125,2,VM,5,3
138.0357421875,2,VM,5,3
138.1515625,2,VM,5,3
138.28037109375,2,VM,5,3
138.40927734375,2,VM,5,3
138.51962890625,2,VM,5,3
138.61904296875,2,VM,5,3
138.7423828125,2,VM,5,3
138.876171875,2,VM,5,3
139.003125,2,VM,5,3
139.12060546875,2,VM,5,3
139.23681640625,2,VM,5,3
139.33896484375,2,VM,5,3
139.46318359375,2,VM,5,3
139.59326171875,2,VM,5,3
139.73388671875,2,VM,5,3
139.86767578125,2,VM,5,3
139.98740234375,2,VM,5,3
140.11201171875,2,VM,5,3
140.2376953125,2,VM,5,3
140.36875,2,VM,5,3
140.52568359375,2,VM,5,3
140.66328125,2,VM,5,3
115.27890625,3,VM,5,3
115.5287109375,3,VM,5,3
115.8349609375,3,VM,5,3
115.99345703125,3,VM,5,3
116.1826171875,3,VM,5,3
116.3076171875,3,VM,5,3
116.42734375,3,VM,5,3
116.555859375,3,VM,5,3
116.6896484375,3,VM,5,3
116.8125,3,VM,5,3
116.92412109375,3,VM,5,3
117.09384765625,3,VM,5,3
117.2099609375,3,VM,5,3
117.325,3,VM,5,3
117.4291015625,3,VM,5,3
117.5390625,3,VM,5,3
117.64443359375,3,VM,5,3
117.7330078125,3,VM,5,3
117.8330078125,3,VM,5,3
117.93671875,3,VM,5,3
118.039453125,3,VM,5,3
118.159375,3,VM,5,3
118.28203125,3,VM,5,3
118.390234375,3,VM,5,3
118.49921875,3,VM,5,3
118.62041015625,3,VM,5,3
118.7298828125,3,VM,5,3
118.81689453125,3,VM,5,3
118.91015625,3,VM,5,3
119.03955078125,3,VM,5,3
119.14951171875,3,VM,5,3
119.2552734375,3,VM,5,3
119.371875,3,VM,5,3
119.49150390625,3,VM,5,3
119.59716796875,3,VM,5,3
119.6888671875,3,VM,5,3
119.78623046875,3,VM,5,3
119.8830078125,3,VM,5,3
119.99306640625,3,VM,5,3
120.11513671875,3,VM,5,3
120.2173828125,3,VM,5,3
120.3328125,3,VM,5,3
120.42705078125,3,VM,5,3
120.5330078125,3,VM,5,3
120.64873046875,3,VM,5,3
120.7484375,3,VM,5,3
120.86845703125,3,VM,5,3
120.96845703125,3,VM,5,3
121.0751953125,3,VM,5,3
121.20068359375,3,VM,5,3
121.3345703125,3,VM,5,3
121.44921875,3,VM,5,3
121.5658203125,3,VM,5,3
121.68388671875,3,VM,5,3
121.7833984375,3,VM,5,3
121.91103515625,3,VM,5,3
122.03017578125,3,VM,5,3
122.15908203125,3,VM,5,3
122.26865234375,3,VM,5,3
122.378515625,3,VM,5,3
122.491015625,3,VM,5,3
122.6171875,3,VM,5,3
122.73408203125,3,VM,5,3
122.845703125,3,VM,5,3
122.96240234375,3,VM,5,3
123.07548828125,3,VM,5,3
123.18818359375,3,VM,5,3
123.31455078125,3,VM,5,3
123.415625,3,VM,5,3
123.539453125,3,VM,5,3
123.66513671875,3,VM,5,3
123.78623046875,3,VM,5,3
123.90361328125,3,VM,5,3
124.0236328125,3,VM,5,3
124.133203125,3,VM,5,3
124.253125,3,VM,5,3
124.38134765625,3,VM,5,3
124.4892578125,3,VM,5,3
124.61484375,3,VM,5,3
124.7333984375,3,VM,5,3
124.88115234375,3,VM,5,3
124.9955078125,3,VM,5,3
125.1060546875,3,VM,5,3
125.23818359375,3,VM,5,3
125.35341796875,3,VM,5,3
125.47861328125,3,VM,5,3
125.598046875,3,VM,5,3
125.75693359375,3,VM,5,3
125.87939453125,3,VM,5,3
126.0041015625,3,VM,5,3
126.1275390625,3,VM,5,3
126.248828125,3,VM,5,3
126.37080078125,3,VM,5,3
126.49716796875,3,VM,5,3
126.63759765625,3,VM,5,3
126.75615234375,3,VM,5,3
126.869921875,3,VM,5,3
126.98095703125,3,VM,5,3
127.10380859375,3,VM,5,3
127.2287109375,3,VM,5,3
127.3466796875,3,VM,5,3
127.48095703125,3,VM,5,3
127.589453125,3,VM,5,3
127.721484375,3,VM,5,3
127.84169921875,3,VM,5,3
127.95341796875,3,VM,5,3
128.07216796875,3,VM,5,3
128.21650390625,3,VM,5,3
128.33974609375,3,VM,5,3
128.4658203125,3,VM,5,3
128.589453125,3,VM,5,3
128.71513671875,3,VM,5,3
128.8478515625,3,VM,5,3
128.9775390625,3,VM,5,3
129.0951171875,3,VM,5,3
129.21513671875,3,VM,5,3
129.35498046875,3,VM,5,3
129.4861328125,3,VM,5,3
129.60400390625,3,VM,5,3
129.72587890625,3,VM,5,3
129.85390625,3,VM,5,3
129.96552734375,3,VM,5,3
130.10029296875,3,VM,5,3
130.2150390625,3,VM,5,3
130.32880859375,3,VM,5,3
130.44765625,3,VM,5,3
130.566796875,3,VM,5,3
130.6787109375,3,VM,5,3
130.80205078125,3,VM,5,3
130.91953125,3,VM,5,3
131.04296875,3,VM,5,3
131.16826171875,3,VM,5,3
131.28642578125,3,VM,5,3
131.39892578125,3,VM,5,3
131.52451171875,3,VM,5,3
131.6369140625,3,VM,5,3
131.75869140625,3,VM,5,3
131.87705078125,3,VM,5,3
131.98974609375,3,VM,5,3
132.11474609375,3,VM,5,3
132.242578125,3,VM,5,3
132.35830078125,3,VM,5,3
132.48505859375,3,VM,5,3
132.6255859375,3,VM,5,3
132.73486328125,3,VM,5,3
132.86328125,3,VM,5,3
132.990625,3,VM,5,3
133.1068359375,3,VM,5,3
133.2265625,3,VM,5,3
133.3314453125,3,VM,5,3
133.45849609375,3,VM,5,3
133.59228515625,3,VM,5,3
133.721484375,3,VM,5,3
133.86484375,3,VM,5,3
133.98037109375,3,VM,5,3
134.0927734375,3,VM,5,3
134.220703125,3,VM,5,3
134.34150390625,3,VM,5,3
134.460546875,3,VM,5,3
134.58203125,3,VM,5,3
134.709765625,3,VM,5,3
134.828125,3,VM,5,3
134.94140625,3,VM,5,3
135.0681640625,3,VM,5,3
135.19033203125,3,VM,5,3
135.312109375,3,VM,5,3
135.4435546875,3,VM,5,3
135.5552734375,3,VM,5,3
135.68212890625,3,VM,5,3
135.80107421875,3,VM,5,3
135.9205078125,3,VM,5,3
136.06796875,3,VM,5,3
136.17412109375,3,VM,5,3
136.29619140625,3,VM,5,3
136.41669921875,3,VM,5,3
136.52841796875,3,VM,5,3
136.6455078125,3,VM,5,3
136.76875,3,VM,5,3
136.89384765625,3,VM,5,3
137.026171875,3,VM,5,3
137.14404296875,3,VM,5,3
137.26162109375,3,VM,5,3
137.3994140625,3,VM,5,3
137.51455078125,3,VM,5,3
137.63759765625,3,VM,5,3
137.76201171875,3,VM,5,3
137.8857421875,3,VM,5,3
138.00224609375,3,VM,5,3
138.1310546875,3,VM,5,3
138.24658203125,3,VM,5,3
138.3703125,3,VM,5,3
138.4880859375,3,VM,5,3
138.6015625,3,VM,5,3
138.725390625,3,VM,5,3
138.8669921875,3,VM,5,3
138.98935546875,3,VM,5,3
139.1109375,3,VM,5,3
139.22294921875,3,VM,5,3
139.32900390625,3,VM,5,3
139.45185546875,3,VM,5,3
139.5763671875,3,VM,5,3
139.7017578125,3,VM,5,3
139.841796875,3,VM,5,3
139.9560546875,3,VM,5,3
140.07275390625,3,VM,5,3
140.18828125,3,VM,5,3
140.3134765625,3,VM,5,3
140.45068359375,3,VM,5,3
140.59853515625,3,VM,5,3
140.74599609375,3,VM,5,3
148.75537109375,1,VM,5,4
148.831640625,1,VM,5,4
148.91484375,1,VM,5,4
149.00888671875,1,VM,5,4
149.087109375,1,VM,5,4
149.16640625,1,VM,5,4
149.25361328125,1,VM,5,4
149.33154296875,1,VM,5,4
149.41748046875,1,VM,5,4
149.49462890625,1,VM,5,4
149.57880859375,1,VM,5,4
149.6603515625,1,VM,5,4
149.7314453125,1,VM,5,4
149.81376953125,1,VM,5,4
149.89091796875,1,VM,5,4
149.97333984375,1,VM,5,4
150.05419921875,1,VM,5,4
150.14091796875,1,VM,5,4
150.22275390625,1,VM,5,4
150.31171875,1,VM,5,4
150.39140625,1,VM,5,4
150.47080078125,1,VM,5,4
150.55869140625,1,VM,5,4
150.64384765625,1,VM,5,4
150.7322265625,1,VM,5,4
150.8384765625,1,VM,5,4
150.9220703125,1,VM,5,4
151.0080078125,1,VM,5,4
151.09091796875,1,VM,5,4
151.16943359375,1,VM,5,4
151.25146484375,1,VM,5,4
151.33046875,1,VM,5,4
151.421875,1,VM,5,4
151.51689453125,1,VM,5,4
151.59794921875,1,VM,5,4
151.69306640625,1,VM,5,4
151.77685546875,1,VM,5,4
151.86328125,1,VM,5,4
151.9625,1,VM,5,4
152.05390625,1,VM,5,4
152.14013671875,1,VM,5,4
152.223046875,1,VM,5,4
152.30224609375,1,VM,5,4
152.394921875,1,VM,5,4
152.48623046875,1,VM,5,4
152.5748046875,1,VM,5,4
152.6576171875,1,VM,5,4
152.74169921875,1,VM,5,4
152.8220703125,1,VM,5,4
152.89833984375,1,VM,5,4
152.9740234375,1,VM,5,4
153.06025390625,1,VM,5,4
153.14814453125,1,VM,5,4
153.24072265625,1,VM,5,4
153.33271484375,1,VM,5,4
153.4158203125,1,VM,5,4
153.4994140625,1,VM,5,4
153.5939453125,1,VM,5,4
153.68125,1,VM,5,4
153.78115234375,1,VM,5,4
153.87236328125,1,VM,5,4
153.9658203125,1,VM,5,4
154.0611328125,1,VM,5,4
154.1462890625,1,VM,5,4
154.2353515625,1,VM,5,4
154.31865234375,1,VM,5,4
154.40625,1,VM,5,4
154.4880859375,1,VM,5,4
154.59501953125,1,VM,5,4
154.6896484375,1,VM,5,4
154.7892578125,1,VM,5,4
154.8875,1,VM,5,4
154.970703125,1,VM,5,4
155.05595703125,1,VM,5,4
155.14033203125,1,VM,5,4
155.2306640625,1,VM,5,4
155.3359375,1,VM,5,4
155.44072265625,1,VM,5,4
155.5234375,1,VM,5,4
155.62294921875,1,VM,5,4
155.7154296875,1,VM,5,4
155.80478515625,1,VM,5,4
155.89658203125,1,VM,5,4
155.98349609375,1,VM,5,4
156.07607421875,1,VM,5,4
156.16240234375,1,VM,5,4
156.2626953125,1,VM,5,4
156.38017578125,1,VM,5,4
156.4689453125,1,VM,5,4
156.5576171875,1,VM,5,4
156.6529296875,1,VM,5,4
156.75126953125,1,VM,5,4
156.84462890625,1,VM,5,4
156.9400390625,1,VM,5,4
157.03662109375,1,VM,5,4
157.12119140625,1,VM,5,4
157.21533203125,1,VM,5,4
157.31025390625,1,VM,5,4
157.40771484375,1,VM,5,4
157.5017578125,1,VM,5,4
157.5974609375,1,VM,5,4
157.68603515625,1,VM,5,4
157.7751953125,1,VM,5,4
157.8529296875,1,VM,5,4
157.9595703125,1,VM,5,4
158.0521484375,1,VM,5,4
158.13994140625,1,VM,5,4
158.24091796875,1,VM,5,4
158.3322265625,1,VM,5,4
158.4361328125,1,VM,5,4
158.5326171875,1,VM,5,4
158.62607421875,1,VM,5,4
158.72509765625,1,VM,5,4
158.81435546875,1,VM,5,4
158.9177734375,1,VM,5,4
159.01806640625,1,VM,5,4
159.12392578125,1,VM,5,4
159.22568359375,1,VM,5,4
159.31337890625,1,VM,5,4
159.4099609375,1,VM,5,4
159.49306640625,1,VM,5,4
159.5798828125,1,VM,5,4
159.67763671875,1,VM,5,4
159.77294921875,1,VM,5,4
159.86484375,1,VM,5,4
159.95009765625,1,VM,5,4
160.044140625,1,VM,5,4
160.14462890625,1,VM,5,4
160.2380859375,1,VM,5,4
160.33203125,1,VM,5,4
160.4330078125,1,VM,5,4
160.52314453125,1,VM,5,4
160.61357421875,1,VM,5,4
160.69599609375,1,VM,5,4
160.799609375,1,VM,5,4
160.894921875,1,VM,5,4
160.99365234375,1,VM,5,4
161.08212890625,1,VM,5,4
161.1689453125,1,VM,5,4
161.25654296875,1,VM,5,4
161.3423828125,1,VM,5,4
161.43671875,1,VM,5,4
161.52158203125,1,VM,5,4
161.60576171875,1,VM,5,4
161.7091796875,1,VM,5,4
161.80791015625,1,VM,5,4
161.93408203125,1,VM,5,4
162.03037109375,1,VM,5,4
162.126953125,1,VM,5,4
162.215234375,1,VM,5,4
162.30625,1,VM,5,4
162.39287109375,1,VM,5,4
162.48115234375,1,VM,5,4
162.583984375,1,VM,5,4
162.6837890625,1,VM,5,4
162.77255859375,1,VM,5,4
162.86953125,1,VM,5,4
162.96259765625,1,VM,5,4
163.06650390625,1,VM,5,4
163.157421875,1,VM,5,4
163.2435546875,1,VM,5,4
163.34443359375,1,VM,5,4
163.4302734375,1,VM,5,4
163.516796875,1,VM,5,4
163.61806640625,1,VM,5,4
163.70341796875,1,VM,5,4
163.79765625,1,VM,5,4
163.8892578125,1,VM,5,4
163.98662109375,1,VM,5,4
164.07666015625,1,VM,5,4
164.16806640625,1,VM,5,4
164.2494140625,1,VM,5,4
164.35439453125,1,VM,5,4
164.4400390625,1,VM,5,4
164.5353515625,1,VM,5,4
164.64189453125,1,VM,5,4
164.7380859375,1,VM,5,4
164.83779296875,1,VM,5,4
164.9328125,1,VM,5,4
165.031640625,1,VM,5,4
165.1302734375,1,VM,5,4
165.22470703125,1,VM,5,4
165.32255859375,1,VM,5,4
165.41220703125,1,VM,5,4
165.50419921875,1,VM,5,4
165.60185546875,1,VM,5,4
165.6966796875,1,VM,5,4
165.79287109375,1,VM,5,4
165.8984375,1,VM,5,4
165.98603515625,1,VM,5,4
166.0865234375,1,VM,5,4
166.1765625,1,VM,5,4
166.2798828125,1,VM,5,4
166.3931640625,1,VM,5,4
166.49091796875,1,VM,5,4
166.5994140625,1,VM,5,4
166.70634765625,1,VM,5,4
166.8037109375,1,VM,5,4
166.90595703125,1,VM,5,4
167.006640625,1,VM,5,4
167.10029296875,1,VM,5,4
167.21044921875,1,VM,5,4
167.3107421875,1,VM,5,4
167.41533203125,1,VM,5,4
167.50654296875,1,VM,5,4
167.608203125,1,VM,5,4
167.71513671875,1,VM,5,4
167.80654296875,1,VM,5,4
167.913671875,1,VM,5,4
168.019921875,1,VM,5,4
168.12568359375,1,VM,5,4
168.2255859375,1,VM,5,4
168.3328125,1,VM,5,4
168.43466796875,1,VM,5,4
168.5314453125,1,VM,5,4
168.637890625,1,VM,5,4
168.733984375,1,VM,5,4
168.82578125,1,VM,5,4
168.9427734375,1,VM,5,4
169.04970703125,1,VM,5,4
169.1412109375,1,VM,5,4
169.2357421875,1,VM,5,4
169.34345703125,1,VM,5,4
169.442578125,1,VM,5,4
169.5361328125,1,VM,5,4
169.629296875,1,VM,5,4
169.722265625,1,VM,5,4
169.82998046875,1,VM,5,4
169.93671875,1,VM,5,4
170.03291015625,1,VM,5,4
170.1326171875,1,VM,5,4
170.2298828125,1,VM,5,4
170.33369140625,1,VM,5,4
170.42666015625,1,VM,5,4
170.526171875,1,VM,5,4
170.62958984375,1,VM,5,4
170.7333984375,1,VM,5,4
170.8265625,1,VM,5,4
170.9212890625,1,VM,5,4
171.0189453125,1,VM,5,4
171.11552734375,1,VM,5,4
171.2251953125,1,VM,5,4
171.3298828125,1,VM,5,4
171.440625,1,VM,5,4
171.52890625,1,VM,5,4
171.6333984375,1,VM,5,4
171.74775390625,1,VM,5,4
171.84931640625,1,VM,5,4
171.95224609375,1,VM,5,4
172.0517578125,1,VM,5,4
172.1650390625,1,VM,5,4
172.26376953125,1,VM,5,4
172.3517578125,1,VM,5,4
172.45302734375,1,VM,5,4
172.552734375,1,VM,5,4
172.66220703125,1,VM,5,4
172.76650390625,1,VM,5,4
172.8705078125,1,VM,5,4
172.98701171875,1,VM,5,4
173.081640625,1,VM,5,4
173.16640625,1,VM,5,4
173.25322265625,1,VM,5,4
173.35673828125,1,VM,5,4
173.46142578125,1,VM,5,4
173.56162109375,1,VM,5,4
173.6662109375,1,VM,5,4
173.7654296875,1,VM,5,4
173.8693359375,1,VM,5,4
173.9578125,1,VM,5,4
174.06416015625,1,VM,5,4
174.165234375,1,VM,5,4
174.26767578125,1,VM,5,4
174.37021484375,1,VM,5,4
174.4740234375,1,VM,5,4
174.5650390625,1,VM,5,4
174.6810546875,1,VM,5,4
174.79970703125,1,VM,5,4
174.91181640625,1,VM,5,4
175.0228515625,1,VM,5,4
175.126953125,1,VM,5,4
175.231640625,1,VM,5,4
175.33408203125,1,VM,5,4
175.44638671875,1,VM,5,4
175.55341796875,1,VM,5,4
175.65859375,1,VM,5,4
175.7537109375,1,VM,5,4
175.84853515625,1,VM,5,4
175.9595703125,1,VM,5,4
176.05712890625,1,VM,5,4
176.1556640625,1,VM,5,4
176.25654296875,1,VM,5,4
176.3626953125,1,VM,5,4
176.47578125,1,VM,5,4
176.579296875,1,VM,5,4
176.6740234375,1,VM,5,4
176.784765625,1,VM,5,4
176.88935546875,1,VM,5,4
176.9947265625,1,VM,5,4
177.10341796875,1,VM,5,4
177.20517578125,1,VM,5,4
177.31416015625,1,VM,5,4
177.42529296875,1,VM,5,4
177.52607421875,1,VM,5,4
177.62763671875,1,VM,5,4
177.73017578125,1,VM,5,4
177.83125,1,VM,5,4
177.94677734375,1,VM,5,4
178.0478515625,1,VM,5,4
178.15615234375,1,VM,5,4
178.26376953125,1,VM,5,4
178.3556640625,1,VM,5,4
178.45810546875,1,VM,5,4
178.5603515625,1,VM,5,4
178.6671875,1,VM,5,4
178.7732421875,1,VM,5,4
178.8767578125,1,VM,5,4
178.98740234375,1,VM,5,4
179.0953125,1,VM,5,4
179.20166015625,1,VM,5,4
179.3072265625,1,VM,5,4
179.4125,1,VM,5,4
179.51298828125,1,VM,5,4
179.60634765625,1,VM,5,4
179.7236328125,1,VM,5,4
179.8306640625,1,VM,5,4
179.94453125,1,VM,5,4
180.063671875,1,VM,5,4
180.16591796875,1,VM,5,4
180.25390625,1,VM,5,4
180.35400390625,1,VM,5,4
180.454296875,1,VM,5,4
180.5654296875,1,VM,5,4
180.6693359375,1,VM,5,4
180.78779296875,1,VM,5,4
180.88505859375,1,VM,5,4
180.985546875,1,VM,5,4
181.08623046875,1,VM,5,4
181.1853515625,1,VM,5,4
181.298046875,1,VM,5,4
181.39580078125,1,VM,5,4
181.49619140625,1,VM,5,4
181.599609375,1,VM,5,4
181.69931640625,1,VM,5,4
181.80556640625,1,VM,5,4
181.89345703125,1,VM,5,4
182.00078125,1,VM,5,4
182.10654296875,1,VM,5,4
182.20009765625,1,VM,5,4
182.298828125,1,VM,5,4
182.4,1,VM,5,4
182.4990234375,1,VM,5,4
182.6044921875,1,VM,5,4
182.7119140625,1,VM,5,4
182.8224609375,1,VM,5,4
182.92509765625,1,VM,5,4
183.02685546875,1,VM,5,4
183.12724609375,1,VM,5,4
183.23671875,1,VM,5,4
183.34736328125,1,VM,5,4
183.45126953125,1,VM,5,4
183.55087890625,1,VM,5,4
183.6455078125,1,VM,5,4
183.75185546875,1,VM,5,4
183.85048828125,1,VM,5,4
183.93701171875,1,VM,5,4
184.04521484375,1,VM,5,4
184.15205078125,1,VM,5,4
184.2591796875,1,VM,5,4
184.36796875,1,VM,5,4
184.4609375,1,VM,5,4
184.55615234375,1,VM,5,4
184.6611328125,1,VM,5,4
184.76943359375,1,VM,5,4
184.87265625,1,VM,5,4
184.973046875,1,VM,5,4
185.077734375,1,VM,5,4
185.19130859375,1,VM,5,4
185.30810546875,1,VM,5,4
185.42802734375,1,VM,5,4
185.54462890625,1,VM,5,4
185.6541015625,1,VM,5,4
185.75498046875,1,VM,5,4
185.8708984375,1,VM,5,4
185.9724609375,1,VM,5,4
186.092578125,1,VM,5,4
186.20068359375,1,VM,5,4
186.318359375,1,VM,5,4
186.42236328125,1,VM,5,4
186.53251953125,1,VM,5,4
186.63583984375,1,VM,5,4
186.7359375,1,VM,5,4
186.8474609375,1,VM,5,4
186.95712890625,1,VM,5,4
187.06572265625,1,VM,5,4
187.18486328125,1,VM,5,4
187.2916015625,1,VM,5,4
187.3923828125,1,VM,5,4
187.49873046875,1,VM,5,4
187.60947265625,1,VM,5,4
187.7146484375,1,VM,5,4
187.8291015625,1,VM,5,4
187.93994140625,1,VM,5,4
188.055859375,1,VM,5,4
188.17060546875,1,VM,5,4
188.27822265625,1,VM,5,4
188.40537109375,1,VM,5,4
188.61455078125,1,VM,5,4
148.7755859375,2,VM,5,4
149.01455078125,2,VM,5,4
149.14296875,2,VM,5,4
149.30537109375,2,VM,5,4
149.47138671875,2,VM,5,4
149.60595703125,2,VM,5,4
149.7390625,2,VM,5,4
149.88095703125,2,VM,5,4
150.05244140625,2,VM,5,4
150.19130859375,2,VM,5,4
150.36640625,2,VM,5,4
150.53701171875,2,VM,5,4
150.68076171875,2,VM,5,4
150.85927734375,2,VM,5,4
151.04150390625,2,VM,5,4
151.1568359375,2,VM,5,4
151.2787109375,2,VM,5,4
151.40087890625,2,VM,5,4
151.54443359375,2,VM,5,4
151.6966796875,2,VM,5,4
151.8173828125,2,VM,5,4
152.0669921875,2,VM,5,4
152.2013671875,2,VM,5,4
152.3099609375,2,VM,5,4
152.4439453125,2,VM,5,4
152.5611328125,2,VM,5,4
152.67783203125,2,VM,5,4
152.79228515625,2,VM,5,4
152.9052734375,2,VM,5,4
153.01689453125,2,VM,5,4
153.14013671875,2,VM,5,4
153.284765625,2,VM,5,4
153.40625,2,VM,5,4
153.52841796875,2,VM,5,4
153.6427734375,2,VM,5,4
153.8119140625,2,VM,5,4
153.93427734375,2,VM,5,4
154.06748046875,2,VM,5,4
154.18603515625,2,VM,5,4
154.30927734375,2,VM,5,4
154.42421875,2,VM,5,4
154.5751953125,2,VM,5,4
154.70146484375,2,VM,5,4
154.81103515625,2,VM,5,4
154.93955078125,2,VM,5,4
155.05224609375,2,VM,5,4
155.17744140625,2,VM,5,4
155.306640625,2,VM,5,4
155.454296875,2,VM,5,4
155.57177734375,2,VM,5,4
155.70087890625,2,VM,5,4
155.83525390625,2,VM,5,4
155.955859375,2,VM,5,4
156.0763671875,2,VM,5,4
156.19736328125,2,VM,5,4
156.37890625,2,VM,5,4
156.49755859375,2,VM,5,4
156.618359375,2,VM,5,4
156.75439453125,2,VM,5,4
156.88291015625,2,VM,5,4
157.01484375,2,VM,5,4
157.14248046875,2,VM,5,4
157.269140625,2,VM,5,4
157.39248046875,2,VM,5,4
157.52041015625,2,VM,5,4
157.63828125,2,VM,5,4
157.76845703125,2,VM,5,4
157.898046875,2,VM,5,4
158.0251953125,2,VM,5,4
158.1513671875,2,VM,5,4
158.29150390625,2,VM,5,4
158.4203125,2,VM,5,4
158.54677734375,2,VM,5,4
158.67841796875,2,VM,5,4
158.8001953125,2,VM,5,4
158.97607421875,2,VM,5,4
159.1236328125,2,VM,5,4
159.24462890625,2,VM,5,4
159.378515625,2,VM,5,4
159.4830078125,2,VM,5,4
159.60703125,2,VM,5,4
159.744921875,2,VM,5,4
159.8798828125,2,VM,5,4
159.9865234375,2,VM,5,4
160.12392578125,2,VM,5,4
160.27099609375,2,VM,5,4
160.38330078125,2,VM,5,4
160.511328125,2,VM,5,4
160.63740234375,2,VM,5,4
160.7623046875,2,VM,5,4
160.90263671875,2,VM,5,4
161.04921875,2,VM,5,4
161.162890625,2,VM,5,4
161.26953125,2,VM,5,4
161.38671875,2,VM,5,4
161.5072265625,2,VM,5,4
161.68876953125,2,VM,5,4
161.82041015625,2,VM,5,4
161.990625,2,VM,5,4
162.11376953125,2,VM,5,4
162.230859375,2,VM,5,4
162.3494140625,2,VM,5,4
162.4638671875,2,VM,5,4
162.59599609375,2,VM,5,4
162.719921875,2,VM,5,4
162.84140625,2,VM,5,4
162.96396484375,2,VM,5,4
163.09814453125,2,VM,5,4
163.20830078125,2,VM,5,4
163.34990234375,2,VM,5,4
163.45810546875,2,VM,5,4
163.57314453125,2,VM,5,4
163.69111328125,2,VM,5,4
163.815625,2,VM,5,4
163.93671875,2,VM,5,4
164.06279296875,2,VM,5,4
164.17060546875,2,VM,5,4
164.284765625,2,VM,5,4
164.40322265625,2,VM,5,4
164.5291015625,2,VM,5,4
164.6546875,2,VM,5,4
164.7849609375,2,VM,5,4
164.9080078125,2,VM,5,4
165.027734375,2,VM,5,4
165.15390625,2,VM,5,4
165.286328125,2,VM,5,4
165.40107421875,2,VM,5,4
165.52568359375,2,VM,5,4
165.65166015625,2,VM,5,4
165.77685546875,2,VM,5,4
165.90390625,2,VM,5,4
166.0388671875,2,VM,5,4
166.15126953125,2,VM,5,4
166.27060546875,2,VM,5,4
166.41171875,2,VM,5,4
166.5470703125,2,VM,5,4
166.68203125,2,VM,5,4
166.80791015625,2,VM,5,4
166.93212890625,2,VM,5,4
167.05859375,2,VM,5,4
167.21142578125,2,VM,5,4
167.34833984375,2,VM,5,4
167.469921875,2,VM,5,4
167.583984375,2,VM,5,4
167.71767578125,2,VM,5,4
167.837109375,2,VM,5,4
167.9755859375,2,VM,5,4
168.10400390625,2,VM,5,4
168.22646484375,2,VM,5,4
168.3595703125,2,VM,5,4
168.4931640625,2,VM,5,4
168.6291015625,2,VM,5,4
168.751953125,2,VM,5,4
168.884765625,2,VM,5,4
169.0341796875,2,VM,5,4
169.15,2,VM,5,4
169.28193359375,2,VM,5,4
169.4259765625,2,VM,5,4
169.5544921875,2,VM,5,4
169.68154296875,2,VM,5,4
169.81318359375,2,VM,5,4
169.94033203125,2,VM,5,4
170.051953125,2,VM,5,4
170.16845703125,2,VM,5,4
170.29853515625,2,VM,5,4
170.42646484375,2,VM,5,4
170.56259765625,2,VM,5,4
170.71787109375,2,VM,5,4
170.836328125,2,VM,5,4
170.95341796875,2,VM,5,4
171.0984375,2,VM,5,4
171.22607421875,2,VM,5,4
171.357421875,2,VM,5,4
171.49423828125,2,VM,5,4
171.6322265625,2,VM,5,4
171.77080078125,2,VM,5,4
171.9064453125,2,VM,5,4
172.0412109375,2,VM,5,4
172.184375,2,VM,5,4
172.30625,2,VM,5,4
172.42998046875,2,VM,5,4
172.56123046875,2,VM,5,4
172.73173828125,2,VM,5,4
172.86015625,2,VM,5,4
173.01591796875,2,VM,5,4
173.1396484375,2,VM,5,4
173.2607421875,2,VM,5,4
173.396484375,2,VM,5,4
173.53583984375,2,VM,5,4
173.68330078125,2,VM,5,4
173.82060546875,2,VM,5,4
173.94658203125,2,VM,5,4
174.08232421875,2,VM,5,4
174.2171875,2,VM,5,4
174.36787109375,2,VM,5,4
174.49931640625,2,VM,5,4
174.6400390625,2,VM,5,4
174.7845703125,2,VM,5,4
174.92041015625,2,VM,5,4
175.05703125,2,VM,5,4
175.18212890625,2,VM,5,4
175.3138671875,2,VM,5,4
175.45263671875,2,VM,5,4
175.59306640625,2,VM,5,4
175.70771484375,2,VM,5,4
175.841015625,2,VM,5,4
175.97177734375,2,VM,5,4
176.10546875,2,VM,5,4
176.23896484375,2,VM,5,4
176.35947265625,2,VM,5,4
176.52705078125,2,VM,5,4
176.65673828125,2,VM,5,4
176.78837890625,2,VM,5,4
176.9154296875,2,VM,5,4
177.0529296875,2,VM,5,4
177.19541015625,2,VM,5,4
177.35595703125,2,VM,5,4
177.48408203125,2,VM,5,4
177.61064453125,2,VM,5,4
177.7513671875,2,VM,5,4
177.886328125,2,VM,5,4
178.01533203125,2,VM,5,4
178.1486328125,2,VM,5,4
178.305078125,2,VM,5,4
178.429296875,2,VM,5,4
178.54375,2,VM,5,4
178.7025390625,2,VM,5,4
178.82451171875,2,VM,5,4
178.9556640625,2,VM,5,4
179.09619140625,2,VM,5,4
179.228515625,2,VM,5,4
179.36103515625,2,VM,5,4
179.4841796875,2,VM,5,4
179.626953125,2,VM,5,4
179.76416015625,2,VM,5,4
179.8994140625,2,VM,5,4
180.0703125,2,VM,5,4
180.18994140625,2,VM,5,4
180.31591796875,2,VM,5,4
180.45302734375,2,VM,5,4
180.57763671875,2,VM,5,4
180.7171875,2,VM,5,4
180.86025390625,2,VM,5,4
180.99111328125,2,VM,5,4
181.10693359375,2,VM,5,4
181.24775390625,2,VM,5,4
181.3724609375,2,VM,5,4
181.50029296875,2,VM,5,4
181.6197265625,2,VM,5,4
181.76826171875,2,VM,5,4
181.8859375,2,VM,5,4
182.022265625,2,VM,5,4
182.1404296875,2,VM,5,4
182.26865234375,2,VM,5,4
182.3859375,2,VM,5,4
182.50859375,2,VM,5,4
182.6384765625,2,VM,5,4
182.77509765625,2,VM,5,4
182.89765625,2,VM,5,4
183.0263671875,2,VM,5,4
183.16484375,2,VM,5,4
183.31337890625,2,VM,5,4
183.4404296875,2,VM,5,4
183.56083984375,2,VM,5,4
183.68203125,2,VM,5,4
183.7955078125,2,VM,5,4
183.9322265625,2,VM,5,4
184.0646484375,2,VM,5,4
184.1896484375,2,VM,5,4
184.32177734375,2,VM,5,4
184.4396484375,2,VM,5,4
184.56376953125,2,VM,5,4
184.691796875,2,VM,5,4
184.82802734375,2,VM,5,4
184.92236328125,2,VM,5,4
185.05009765625,2,VM,5,4
185.17900390625,2,VM,5,4
185.3060546875,2,VM,5,4
185.42939453125,2,VM,5,4
185.557421875,2,VM,5,4
185.680859375,2,VM,5,4
185.8185546875,2,VM,5,4
185.959375,2,VM,5,4
186.07939453125,2,VM,5,4
186.22978515625,2,VM,5,4
186.36298828125,2,VM,5,4
186.4890625,2,VM,5,4
186.61484375,2,VM,5,4
186.745703125,2,VM,5,4
186.8826171875,2,VM,5,4
187.00751953125,2,VM,5,4
187.1431640625,2,VM,5,4
187.281640625,2,VM,5,4
187.406640625,2,VM,5,4
187.5359375,2,VM,5,4
187.6654296875,2,VM,5,4
187.78232421875,2,VM,5,4
187.9123046875,2,VM,5,4
188.03271484375,2,VM,5,4
188.16494140625,2,VM,5,4
188.2896484375,2,VM,5,4
188.466796875,2,VM,5,4
148.77802734375,3,VM,5,4
149.04052734375,3,VM,5,4
149.3826171875,3,VM,5,4
149.6625,3,VM,5,4
149.82099609375,3,VM,5,4
150.0271484375,3,VM,5,4
150.17392578125,3,VM,5,4
150.33349609375,3,VM,5,4
150.546484375,3,VM,5,4
150.6833984375,3,VM,5,4
150.88857421875,3,VM,5,4
151.0322265625,3,VM,5,4
151.1677734375,3,VM,5,4
151.29443359375,3,VM,5,4
151.4369140625,3,VM,5,4
151.561328125,3,VM,5,4
151.71708984375,3,VM,5,4
151.83095703125,3,VM,5,4
152.06259765625,3,VM,5,4
152.22392578125,3,VM,5,4
152.35224609375,3,VM,5,4
152.48203125,3,VM,5,4
152.61494140625,3,VM,5,4
152.765625,3,VM,5,4
152.88662109375,3,VM,5,4
153.00146484375,3,VM,5,4
153.11875,3,VM,5,4
153.268359375,3,VM,5,4
153.38583984375,3,VM,5,4
153.52802734375,3,VM,5,4
153.64794921875,3,VM,5,4
153.81064453125,3,VM,5,4
153.94052734375,3,VM,5,4
154.07578125,3,VM,5,4
154.200390625,3,VM,5,4
154.3271484375,3,VM,5,4
154.45087890625,3,VM,5,4
154.628125,3,VM,5,4
154.7556640625,3,VM,5,4
154.889453125,3,VM,5,4
154.99169921875,3,VM,5,4
155.11376953125,3,VM,5,4
155.23056640625,3,VM,5,4
155.36279296875,3,VM,5,4
155.50166015625,3,VM,5,4
155.62451171875,3,VM,5,4
155.74072265625,3,VM,5,4
155.85537109375,3,VM,5,4
155.96845703125,3,VM,5,4
156.085546875,3,VM,5,4
156.19462890625,3,VM,5,4
156.3435546875,3,VM,5,4
156.46494140625,3,VM,5,4
156.5826171875,3,VM,5,4
156.70283203125,3,VM,5,4
156.8078125,3,VM,5,4
156.9154296875,3,VM,5,4
157.03720703125,3,VM,5,4
157.15908203125,3,VM,5,4
157.28359375,3,VM,5,4
157.40185546875,3,VM,5,4
157.5216796875,3,VM,5,4
157.6388671875,3,VM,5,4
157.7482421875,3,VM,5,4
157.85146484375,3,VM,5,4
157.9841796875,3,VM,5,4
158.0861328125,3,VM,5,4
158.20751953125,3,VM,5,4
158.33154296875,3,VM,5,4
158.45537109375,3,VM,5,4
158.58681640625,3,VM,5,4
158.70986328125,3,VM,5,4
158.84482421875,3,VM,5,4
158.97734375,3,VM,5,4
159.10634765625,3,VM,5,4
159.23046875,3,VM,5,4
159.34873046875,3,VM,5,4
159.4548828125,3,VM,5,4
159.57783203125,3,VM,5,4
159.68955078125,3,VM,5,4
159.8080078125,3,VM,5,4
159.91748046875,3,VM,5,4
160.04384765625,3,VM,5,4
160.17265625,3,VM,5,4
160.29111328125,3,VM,5,4
160.42607421875,3,VM,5,4
160.548046875,3,VM,5,4
160.6427734375,3,VM,5,4
160.76142578125,3,VM,5,4
160.89287109375,3,VM,5,4
161.05341796875,3,VM,5,4
161.1595703125,3,VM,5,4
161.26328125,3,VM,5,4
161.38046875,3,VM,5,4
161.4953125,3,VM,5,4
161.60927734375,3,VM,5,4
161.7302734375,3,VM,5,4
161.85810546875,3,VM,5,4
161.99306640625,3,VM,5,4
162.1126953125,3,VM,5,4
162.2265625,3,VM,5,4
162.33193359375,3,VM,5,4
162.44013671875,3,VM,5,4
162.56015625,3,VM,5,4
162.67138671875,3,VM,5,4
162.7849609375,3,VM,5,4
162.923046875,3,VM,5,4
163.06142578125,3,VM,5,4
163.16943359375,3,VM,5,4
163.29384765625,3,VM,5,4
163.4134765625,3,VM,5,4
163.51884765625,3,VM,5,4
163.633984375,3,VM,5,4
163.74736328125,3,VM,5,4
163.86064453125,3,VM,5,4
163.97080078125,3,VM,5,4
164.0841796875,3,VM,5,4
164.18662109375,3,VM,5,4
164.3033203125,3,VM,5,4
164.42939453125,3,VM,5,4
164.53447265625,3,VM,5,4
164.65986328125,3,VM,5,4
164.7810546875,3,VM,5,4
164.9064453125,3,VM,5,4
165.020703125,3,VM,5,4
165.14267578125,3,VM,5,4
165.26298828125,3,VM,5,4
165.37880859375,3,VM,5,4
165.5048828125,3,VM,5,4
165.6345703125,3,VM,5,4
165.76162109375,3,VM,5,4
165.88955078125,3,VM,5,4
166.00791015625,3,VM,5,4
166.11904296875,3,VM,5,4
166.225390625,3,VM,5,4
166.37099609375,3,VM,5,4
166.49345703125,3,VM,5,4
166.62978515625,3,VM,5,4
166.7505859375,3,VM,5,4
166.88134765625,3,VM,5,4
167.0033203125,3,VM,5,4
167.12333984375,3,VM,5,4
167.2548828125,3,VM,5,4
167.37958984375,3,VM,5,4
167.498046875,3,VM,5,4
167.61865234375,3,VM,5,4
167.7408203125,3,VM,5,4
167.8646484375,3,VM,5,4
167.97802734375,3,VM,5,4
168.10087890625,3,VM,5,4
168.23720703125,3,VM,5,4
168.36279296875,3,VM,5,4
168.487109375,3,VM,5,4
168.6115234375,3,VM,5,4
168.72998046875,3,VM,5,4
168.85224609375,3,VM,5,4
169.02294921875,3,VM,5,4
169.14443359375,3,VM,5,4
169.2669921875,3,VM,5,4
169.37900390625,3,VM,5,4
169.50458984375,3,VM,5,4
169.62705078125,3,VM,5,4
169.7296875,3,VM,5,4
169.85302734375,3,VM,5,4
169.969140625,3,VM,5,4
170.0869140625,3,VM,5,4
170.1935546875,3,VM,5,4
170.3154296875,3,VM,5,4
170.4375,3,VM,5,4
170.5548828125,3,VM,5,4
170.691015625,3,VM,5,4
170.80751953125,3,VM,5,4
170.93994140625,3,VM,5,4
171.0552734375,3,VM,5,4
171.18740234375,3,VM,5,4
171.30009765625,3,VM,5,4
171.41806640625,3,VM,5,4
171.54228515625,3,VM,5,4
171.67001953125,3,VM,5,4
171.79150390625,3,VM,5,4
171.91103515625,3,VM,5,4
172.04267578125,3,VM,5,4
172.18984375,3,VM,5,4
172.3037109375,3,VM,5,4
172.4306640625,3,VM,5,4
172.548046875,3,VM,5,4
172.67822265625,3,VM,5,4
172.79833984375,3,VM,5,4
172.961328125,3,VM,5,4
173.078515625,3,VM,5,4
173.19091796875,3,VM,5,4
173.32861328125,3,VM,5,4
173.43974609375,3,VM,5,4
173.56943359375,3,VM,5,4
173.68994140625,3,VM,5,4
173.8189453125,3,VM,5,4
173.93671875,3,VM,5,4
174.06484375,3,VM,5,4
174.18896484375,3,VM,5,4
174.30849609375,3,VM,5,4
174.4201171875,3,VM,5,4
174.55703125,3,VM,5,4
174.67900390625,3,VM,5,4
174.82333984375,3,VM,5,4
174.95087890625,3,VM,5,4
175.0669921875,3,VM,5,4
175.1943359375,3,VM,5,4
175.3134765625,3,VM,5,4
175.43798828125,3,VM,5,4
175.56796875,3,VM,5,4
175.6984375,3,VM,5,4
175.83564453125,3,VM,5,4
175.96787109375,3,VM,5,4
176.100390625,3,VM,5,4
176.2138671875,3,VM,5,4
176.33828125,3,VM,5,4
176.46923828125,3,VM,5,4
176.59111328125,3,VM,5,4
176.71494140625,3,VM,5,4
176.83720703125,3,VM,5,4
176.98359375,3,VM,5,4
177.1197265625,3,VM,5,4
177.2447265625,3,VM,5,4
177.380859375,3,VM,5,4
177.4951171875,3,VM,5,4
177.63583984375,3,VM,5,4
177.7599609375,3,VM,5,4
177.88955078125,3,VM,5,4
178.01845703125,3,VM,5,4
178.14267578125,3,VM,5,4
178.2875,3,VM,5,4
178.42529296875,3,VM,5,4
178.54775390625,3,VM,5,4
178.68173828125,3,VM,5,4
178.80390625,3,VM,5,4
178.9490234375,3,VM,5,4
179.1015625,3,VM,5,4
179.22939453125,3,VM,5,4
179.34306640625,3,VM,5,4
179.50146484375,3,VM,5,4
179.62109375,3,VM,5,4
179.76181640625,3,VM,5,4
179.8857421875,3,VM,5,4
180.04541015625,3,VM,5,4
180.1650390625,3,VM,5,4
180.2658203125,3,VM,5,4
180.394921875,3,VM,5,4
180.53076171875,3,VM,5,4
180.644921875,3,VM,5,4
180.77509765625,3,VM,5,4
180.89716796875,3,VM,5,4
181.02373046875,3,VM,5,4
181.14736328125,3,VM,5,4
181.27470703125,3,VM,5,4
181.395703125,3,VM,5,4
181.51669921875,3,VM,5,4
181.65087890625,3,VM,5,4
181.778125,3,VM,5,4
181.909765625,3,VM,5,4
182.04892578125,3,VM,5,4
182.16533203125,3,VM,5,4
182.279296875,3,VM,5,4
182.393359375,3,VM,5,4
182.5078125,3,VM,5,4
182.6384765625,3,VM,5,4
182.75908203125,3,VM,5,4
182.89599609375,3,VM,5,4
183.020703125,3,VM,5,4
183.14169921875,3,VM,5,4
183.2880859375,3,VM,5,4
183.40673828125,3,VM,5,4
183.53388671875,3,VM,5,4
183.6517578125,3,VM,5,4
183.77216796875,3,VM,5,4
183.90947265625,3,VM,5,4
184.043359375,3,VM,5,4
184.1783203125,3,VM,5,4
184.30634765625,3,VM,5,4
184.431640625,3,VM,5,4
184.55693359375,3,VM,5,4
184.68828125,3,VM,5,4
184.83212890625,3,VM,5,4
184.9376953125,3,VM,5,4
185.06171875,3,VM,5,4
185.18037109375,3,VM,5,4
185.305078125,3,VM,5,4
185.42470703125,3,VM,5,4
185.5443359375,3,VM,5,4
185.662109375,3,VM,5,4
185.78701171875,3,VM,5,4
185.907421875,3,VM,5,4
186.03818359375,3,VM,5,4
186.16611328125,3,VM,5,4
186.306640625,3,VM,5,4
186.434765625,3,VM,5,4
186.5599609375,3,VM,5,4
186.69052734375,3,VM,5,4
186.816796875,3,VM,5,4
186.9568359375,3,VM,5,4
187.09833984375,3,VM,5,4
187.2240234375,3,VM,5,4
187.365625,3,VM,5,4
187.49580078125,3,VM,5,4
187.62109375,3,VM,5,4
187.74462890625,3,VM,5,4
187.87578125,3,VM,5,4
187.99619140625,3,VM,5,4
188.1248046875,3,VM,5,4
188.25859375,3,VM,5,4
188.38359375,3,VM,5,4
188.6087890625,3,VM,5,4
