Folder,File,Muscle,Force_Level,Plateau,MU,ISI_Mean_ms,ISI_SD_ms,ISI_CV,Firing_Rate_Hz,Num_Spikes
P01_iEMG_Ramps,VL_05.mat,VL,5,1,1,103.46325493847151,12.490588180121238,0.12072487171942596,9.665267157839654,387
P01_iEMG_Ramps,VL_05.mat,VL,5,1,2,134.66995497881356,18.35115520685879,0.136267627101723,7.425561255718257,296
P01_iEMG_Ramps,VL_05.mat,VL,5,1,3,115.04502407340117,12.256273000127962,0.10653457721307616,8.692249039488912,345
P01_iEMG_Ramps,VL_05.mat,VL,5,2,1,100.6366105163728,13.29337111014002,0.13209279448036748,9.936741657622777,398
P01_iEMG_Ramps,VL_05.mat,VL,5,2,2,130.5613000408497,21.275483941698276,0.16295398356972285,7.659237459240392,307
P01_iEMG_Ramps,VL_05.mat,VL,5,2,3,110.07877066115702,10.610793454124558,0.0963927321353048,9.084403777347646,364
P01_iEMG_Ramps,VL_05.mat,VL,5,3,1,101.28411787974683,10.012463621882384,0.09885521868068237,9.873216264639689,396
P01_iEMG_Ramps,VL_05.mat,VL,5,3,2,139.52687937062936,50.66367122899298,0.36311047346234687,7.167077802576452,287
P01_iEMG_Ramps,VL_05.mat,VL,5,3,3,111.99004784058988,10.73402410263577,0.09584801783382496,8.929364879131324,357
P01_iEMG_Ramps,VL_05.mat,VL,5,4,1,105.6142009755291,11.638340956232007,0.11019674294490586,9.468423666166833,379
P01_iEMG_Ramps,VL_05.mat,VL,5,4,2,146.3434761300738,26.996329639169183,0.18447238204984387,6.833239351996631,272
P01_iEMG_Ramps,VL_05.mat,VL,5,4,3,115.65196902252907,16.09127185329315,0.13913530387155415,8.646631859810354,345
P01_iEMG_Ramps,VL_15.mat,VL,15,1,5,84.24680897887323,9.149536759713639,0.10860395628762734,11.869885781083676,356
P01_iEMG_Ramps,VL_15.mat,VL,15,1,6,99.50944767441861,38.32499239153085,0.3851392333813872,10.049297060434544,302
P01_iEMG_Ramps,VL_15.mat,VL,15,1,7,1003.8591056034483,2254.1526393389695,2.2454870676138703,0.9961557298410633,30
P01_iEMG_Ramps,VL_15.mat,VL,15,1,8,124.13411458333333,46.68544749001415,0.3760887782276275,8.055803220223423,241
P01_iEMG_Ramps,VL_15.mat,VL,15,1,9,109.7882439108456,33.56620734924394,0.3057358980666604,9.108443348561599,273
P01_iEMG_Ramps,VL_15.mat,VL,15,1,10,821.6273716517857,803.7454849155936,0.9782360138510933,1.2170967454377974,29
P01_iEMG_Ramps,VL_15.mat,VL,15,2,1,94.86161244066456,7.643858135910543,0.08057904498188596,10.541671960567767,317
P01_iEMG_Ramps,VL_15.mat,VL,15,2,2,81.38852326766305,7.207005421927765,0.08855063505976184,12.286744615224096,369
P01_iEMG_Ramps,VL_15.mat,VL,15,2,3,124.60489908854167,24.911819147938033,0.19992648226644932,8.025366637385748,241
P01_iEMG_Ramps,VL_15.mat,VL,15,2,4,115.29357203185329,19.08664965474071,0.1655482549319181,8.673510434074505,260
P01_iEMG_Ramps,VL_15.mat,VL,15,2,5,90.0584177927928,9.748214524885745,0.10824323548870826,11.103903716150208,334
P01_iEMG_Ramps,VL_15.mat,VL,15,2,6,90.87344462386018,7.218558989739232,0.0794352961926117,11.004314892421664,330
P01_iEMG_Ramps,VL_15.mat,VL,15,2,7,121.20326733299595,10.796335889939423,0.0890762776244091,8.250602661169049,248
P01_iEMG_Ramps,VL_15.mat,VL,15,2,8,122.4761462602459,17.015568892712814,0.13892965620062,8.164855202703144,245
P01_iEMG_Ramps,VL_15.mat,VL,15,2,9,119.20287599601593,14.39343744488569,0.12074740080404399,8.389059338076898,252
P01_iEMG_Ramps,VL_15.mat,VL,15,2,10,158.46025182845744,38.820828259972906,0.24498779859316858,6.310730851813608,189
P01_iEMG_Ramps,VL_15.mat,VL,15,3,1,94.91288442460318,6.174059297197819,0.06504974887895608,10.535977344513002,316
P01_iEMG_Ramps,VL_15.mat,VL,15,3,2,83.5162234505571,7.953056065587699,0.09522767837192771,11.973721496063762,360
P01_iEMG_Ramps,VL_15.mat,VL,15,3,3,123.73571474690083,25.003028167349708,0.20206799805935538,8.08174100780427,243
P01_iEMG_Ramps,VL_15.mat,VL,15,3,4,121.34283274291498,26.832936263378688,0.2211332606700285,8.241113029878466,248
P01_iEMG_Ramps,VL_15.mat,VL,15,3,5,90.53206429380664,8.02841180712173,0.08868031309953195,11.045810208797047,332
P01_iEMG_Ramps,VL_15.mat,VL,15,3,6,90.25945288897282,6.445462635248726,0.071410388928207,11.079171964736915,332
P01_iEMG_Ramps,VL_15.mat,VL,15,3,7,125.35793671548117,10.503939511396208,0.08379157942936226,7.977157459680048,240
P01_iEMG_Ramps,VL_15.mat,VL,15,3,8,124.24857805962343,19.27762428817341,0.15515368134774643,8.04838184562666,240
P01_iEMG_Ramps,VL_15.mat,VL,15,3,9,120.04384726405623,14.609496540566855,0.12170133558307958,8.3302894966398,250
P01_iEMG_Ramps,VL_15.mat,VL,15,3,10,163.52992657103826,31.01872929880134,0.18968227986897945,6.115088662781211,184
P01_iEMG_Ramps,VL_15.mat,VL,15,4,1,94.59686760646687,7.395777207536876,0.07818205184450826,10.571174556858557,318
P01_iEMG_Ramps,VL_15.mat,VL,15,4,2,80.93518362533693,8.004467617782245,0.0988997276491806,12.355565962871898,372
P01_iEMG_Ramps,VL_15.mat,VL,15,4,3,125.19025259067358,26.270720472818578,0.20984637325330943,7.987842338409803,194
P01_iEMG_Ramps,VL_15.mat,VL,15,4,4,101.732421875,17.10328500436901,0.16812029723802355,9.829707988557606,101
P01_iEMG_Ramps,VL_15.mat,VL,15,4,5,92.16225961538461,9.788816046957342,0.10621284772973706,10.850428409342845,326
P01_iEMG_Ramps,VL_15.mat,VL,15,4,6,91.07053808890578,7.066966110799678,0.07759881800523342,10.980499522510454,330
P01_iEMG_Ramps,VL_15.mat,VL,15,4,7,122.49601403061224,13.128275547753526,0.10717308356231671,8.163530935382893,246
P01_iEMG_Ramps,VL_15.mat,VL,15,4,8,118.87052021329364,15.653233752371923,0.13168305921674073,8.41251471101215,253
P01_iEMG_Ramps,VL_15.mat,VL,15,4,9,115.96811655405405,13.627681454538202,0.11751231165495549,8.623059766033958,260
P01_iEMG_Ramps,VL_15.mat,VL,15,4,10,154.0787929080311,22.27643738469979,0.1445782184832957,6.4901858401557915,194
P01_iEMG_Ramps,VL_30.mat,VL,30,1,7,78.131103515625,8.45872179362365,0.1082631808973751,12.799000078118898,257
P01_iEMG_Ramps,VL_30.mat,VL,30,2,1,81.59199617346938,6.089142831595785,0.07462916851120922,12.25610411435383,246
P01_iEMG_Ramps,VL_30.mat,VL,30,2,2,97.85204120710785,8.72532556489438,0.08916855956460705,10.219510882593232,205
P01_iEMG_Ramps,VL_30.mat,VL,30,2,3,70.89391959519573,6.752970838470202,0.09525458427224316,14.105582054286177,282
P01_iEMG_Ramps,VL_30.mat,VL,30,2,4,82.44679140946502,9.378369684302259,0.11375057202317769,12.129034773877185,244
P01_iEMG_Ramps,VL_30.mat,VL,30,2,5,112.33172228107344,14.244930648222477,0.12681129033683994,8.902204824188724,178
P01_iEMG_Ramps,VL_30.mat,VL,30,2,6,111.96343925561797,11.469775725168017,0.10244215255822896,8.931486980468254,179
P01_iEMG_Ramps,VL_30.mat,VL,30,2,7,80.50247866465864,8.978682757518627,0.11153299757291019,12.421977765002776,250
P01_iEMG_Ramps,VL_30.mat,VL,30,2,8,120.11130459337349,14.545725410274267,0.12110205163050698,8.325611010432484,167
P01_iEMG_Ramps,VL_30.mat,VL,30,2,9,91.33624072488584,7.4005707083024035,0.08102556717430143,10.94855658677811,220
P01_iEMG_Ramps,VL_30.mat,VL,30,2,10,113.99274553571429,11.671514069426967,0.10238821790435992,8.77248806755599,176
P01_iEMG_Ramps,VL_30.mat,VL,30,2,11,94.97628348214286,8.733631353012521,0.09195591818092767,10.528944314693224,211
P01_iEMG_Ramps,VL_30.mat,VL,30,2,12,83.41886767782427,6.984986719205025,0.08373389514446604,11.987695683692863,240
P01_iEMG_Ramps,VL_30.mat,VL,30,2,13,94.83770461309524,7.497930680975098,0.07906065115730121,10.544329431839913,211
P01_iEMG_Ramps,VL_30.mat,VL,30,2,14,109.52845982142857,16.72212281503654,0.1526737693773811,9.130047127754427,183
P01_iEMG_Ramps,VL_30.mat,VL,30,3,1,86.23681006493507,5.5481051158152646,0.06433569506615124,11.59597623389611,232
P01_iEMG_Ramps,VL_30.mat,VL,30,3,2,103.59090169270833,8.261073011850113,0.07974709049599481,9.653357424828643,193
P01_iEMG_Ramps,VL_30.mat,VL,30,3,3,73.62706801470588,6.499092434680517,0.08827042295616637,13.581961457439338,273
P01_iEMG_Ramps,VL_30.mat,VL,30,3,4,92.2706886574074,12.527889044560634,0.13577322578652834,10.83767786445063,217
P01_iEMG_Ramps,VL_30.mat,VL,30,3,5,118.63839285714286,15.007372685614868,0.12649676318260508,8.428974600188146,169
P01_iEMG_Ramps,VL_30.mat,VL,30,3,6,126.37336827531645,12.763501505517041,0.10099834862128969,7.913059639444005,159
P01_iEMG_Ramps,VL_30.mat,VL,30,3,7,84.52355336334746,8.70413374902761,0.10297879588202505,11.831021770952155,237
P01_iEMG_Ramps,VL_30.mat,VL,30,3,8,132.41145833333334,16.520505808100744,0.12476643650062316,7.5522164968729095,151
P01_iEMG_Ramps,VL_30.mat,VL,30,3,9,96.30267803485577,7.744416035341781,0.0804174524880686,10.383927222024502,209
P01_iEMG_Ramps,VL_30.mat,VL,30,3,10,120.38074171686748,10.592024828830063,0.08798770200089183,8.306976562347284,167
P01_iEMG_Ramps,VL_30.mat,VL,30,3,11,99.47673740671642,9.14762266211356,0.09195740532495525,10.05260150331873,202
P01_iEMG_Ramps,VL_30.mat,VL,30,3,12,87.72413615088105,5.7289161253674425,0.06530604206251742,11.399371300505608,228
P01_iEMG_Ramps,VL_30.mat,VL,30,3,13,100.3970045540201,7.115526716458048,0.07087389457550432,9.96045653395899,200
P01_iEMG_Ramps,VL_30.mat,VL,30,3,14,134.4653980152027,27.524277871416295,0.20469413155869579,7.43685747233604,149
P01_iEMG_Ramps,VL_30.mat,VL,30,4,1,85.31775841346153,5.753071888803774,0.06743111862976521,11.720889280211315,235
P01_iEMG_Ramps,VL_30.mat,VL,30,4,2,102.19801682692308,9.573681426998046,0.09367776131323081,9.784925686900019,196
P01_iEMG_Ramps,VL_30.mat,VL,30,4,3,73.5247443704044,6.903993769782489,0.09390027573576337,13.600863336051606,273
P01_iEMG_Ramps,VL_30.mat,VL,30,4,4,87.4049024290393,11.142051787122886,0.1274762796762881,11.441005849893395,230
P01_iEMG_Ramps,VL_30.mat,VL,30,4,5,124.05679833074534,20.070257127927647,0.16178280753642166,8.060823860163794,162
P01_iEMG_Ramps,VL_30.mat,VL,30,4,6,125.67315251572327,17.254103390439024,0.13729347155734253,7.957149001055636,160
P01_iEMG_Ramps,VL_30.mat,VL,30,4,7,82.9109666753112,7.65402985547472,0.09231625395767937,12.061130633250412,242
P01_iEMG_Ramps,VL_30.mat,VL,30,4,8,138.14049030172413,19.466233635823,0.1409162048962269,7.239007171726529,146
P01_iEMG_Ramps,VL_30.mat,VL,30,4,9,94.38453421208531,7.744016188680346,0.08204751184425273,10.59495613712481,212
P01_iEMG_Ramps,VL_30.mat,VL,30,4,10,120.6356534090909,11.66252501083685,0.09667560693096044,8.289423331665244,166
P01_iEMG_Ramps,VL_30.mat,VL,30,4,11,101.82906170280613,10.432970435788311,0.10245572591287863,9.820379204892966,197
P01_iEMG_Ramps,VL_30.mat,VL,30,4,12,86.72639266304348,6.770658908579626,0.07806918633045822,11.530515328652978,231
P01_iEMG_Ramps,VL_30.mat,VL,30,4,13,99.81494140625,7.1854589964461395,0.07198780959256482,10.018540169552052,201
P01_iEMG_Ramps,VL_30.mat,VL,30,4,14,134.84999468537416,26.854377150665208,0.1991425896109274,7.415647307463039,148
P01_iEMG_Ramps,VM_05.mat,VM,5,1,1,99.541259765625,13.231350133081808,0.1329232738689032,10.04608543587404,401
P01_iEMG_Ramps,VM_05.mat,VM,5,1,2,126.9434878700658,14.817070736628956,0.11672178687728439,7.877521066882607,305
P01_iEMG_Ramps,VM_05.mat,VM,5,1,3,134.79180090206185,35.478508282688686,0.2632096911329715,7.418848871427931,98
P01_iEMG_Ramps,VM_05.mat,VM,5,2,1,95.6371600811298,9.135657558831129,0.09552414094146328,10.456186686761628,417
P01_iEMG_Ramps,VM_05.mat,VM,5,2,2,125.67156027843602,22.231022990042472,0.17689780361434004,7.957249816779668,212
P01_iEMG_Ramps,VM_05.mat,VM,5,2,3,121.75368476159794,15.088980618418521,0.12393038163866481,8.213303785902403,195
P01_iEMG_Ramps,VM_05.mat,VM,5,3,1,94.53518401954976,9.11312460398941,0.09639928983588615,10.57807217885355,423
P01_iEMG_Ramps,VM_05.mat,VM,5,3,2,125.99835034860558,20.738466601299898,0.16459315970345487,7.936611846371423,252
P01_iEMG_Ramps,VM_05.mat,VM,5,3,3,121.85210451555024,20.16510514996996,0.16548836173278056,8.206669913299564,210
P01_iEMG_Ramps,VM_05.mat,VM,5,4,1,98.1753194273399,11.448259882136592,0.11661036550647041,10.18585939758623,407
P01_iEMG_Ramps,VM_05.mat,VM,5,4,2,131.8644881644518,17.009037194800314,0.12898876286986286,7.583542877388434,302
P01_iEMG_Ramps,VM_05.mat,VM,5,4,3,128.486328125,23.73705545193924,0.18474382292913114,7.782929239188265,311
P01_iEMG_Ramps,VM_15.mat,VM,15,1,1,99.99045465225564,45.31959810753125,0.4532392443372984,10.000954625896798,134
P01_iEMG_Ramps,VM_15.mat,VM,15,1,2,105.13260690789474,64.64222241245413,0.6148636880001113,9.511796857430602,286
P01_iEMG_Ramps,VM_15.mat,VM,15,1,3,151.33266256313132,123.40240452769667,0.8154380055014032,6.60795880454975,199
P01_iEMG_Ramps,VM_15.mat,VM,15,1,4,631.5565952034884,619.8398005162054,0.9814477518305262,1.5833893709522557,44
P01_iEMG_Ramps,VM_15.mat,VM,15,1,5,268.93359375,550.9352803791966,2.0485922665776912,3.7183900533066074,101
P01_iEMG_Ramps,VM_15.mat,VM,15,1,7,2332.6704545454545,2106.3643173604028,0.902984094155233,0.4286932164170016,12
P01_iEMG_Ramps,VM_15.mat,VM,15,1,8,152.0393215880102,96.06714946685456,0.6318572620783807,6.577245870050368,197
P01_iEMG_Ramps,VM_15.mat,VM,15,2,1,113.24189598880596,19.68645861789428,0.17384430423030273,8.830653984271427,202
P01_iEMG_Ramps,VM_15.mat,VM,15,2,2,80.13411458333333,9.310948913343026,0.11619207327311708,12.479079667874496,376
P01_iEMG_Ramps,VM_15.mat,VM,15,2,3,84.67486537782486,8.35145590942597,0.09862969220159042,11.809880010295071,355
P01_iEMG_Ramps,VM_15.mat,VM,15,2,4,79.71009599401596,6.714723503933269,0.08423931021783439,12.545462247029192,377
P01_iEMG_Ramps,VM_15.mat,VM,15,2,5,74.66636144014963,8.893503540155917,0.11910990931685736,13.392911891140843,402
P01_iEMG_Ramps,VM_15.mat,VM,15,2,6,77.50802446705427,7.3182760582777355,0.09441959214672616,12.901889925282022,388
P01_iEMG_Ramps,VM_15.mat,VM,15,2,7,93.22399484034268,7.583206402836203,0.08134393313463296,10.726852048258824,322
P01_iEMG_Ramps,VM_15.mat,VM,15,2,8,114.09716424141222,12.697072811852088,0.1112829832035704,8.76445971859697,263
P01_iEMG_Ramps,VM_15.mat,VM,15,2,9,86.21671830100574,8.823887376626082,0.10234543311912568,11.598678535974091,349
P01_iEMG_Ramps,VM_15.mat,VM,15,2,10,117.57581815944881,19.40761366480474,0.16506467034305788,8.505150256695334,255
P01_iEMG_Ramps,VM_15.mat,VM,15,3,1,116.15983829941861,23.24377016987146,0.2001016057715001,8.6088274109194,259
P01_iEMG_Ramps,VM_15.mat,VM,15,3,2,80.52729124663979,8.321875190782569,0.10334229628181887,12.418150226079131,373
P01_iEMG_Ramps,VM_15.mat,VM,15,3,3,85.35350452769886,7.557786035509228,0.08854687428864248,11.715980562643221,353
P01_iEMG_Ramps,VM_15.mat,VM,15,3,4,80.4606337969169,6.444956312593915,0.08010074005706967,12.428438017577712,374
P01_iEMG_Ramps,VM_15.mat,VM,15,3,5,74.47609723945409,7.991230738139541,0.10729926827994615,13.427126783843406,404
P01_iEMG_Ramps,VM_15.mat,VM,15,3,6,79.08687541226912,7.441267046054597,0.09408978426906214,12.644323028152725,380
P01_iEMG_Ramps,VM_15.mat,VM,15,3,7,94.52200808359622,6.569308441088593,0.06950030552967759,10.579546713772626,318
P01_iEMG_Ramps,VM_15.mat,VM,15,3,8,112.96543337264151,11.98969931271895,0.1061360006752532,8.852265424426589,266
P01_iEMG_Ramps,VM_15.mat,VM,15,3,9,87.81181469298245,7.588471399658857,0.08641743057230425,11.38798923010887,343
P01_iEMG_Ramps,VM_15.mat,VM,15,3,10,115.26817908653847,19.385185542472374,0.1681746488588043,8.675421160676464,261
P01_iEMG_Ramps,VM_15.mat,VM,15,4,2,80.91216216216216,8.924933224804313,0.11030397639006584,12.359081419624218,371
P01_iEMG_Ramps,VM_15.mat,VM,15,4,3,86.01214529454023,8.187436420395843,0.09518930602601251,11.626265064957945,349
P01_iEMG_Ramps,VM_15.mat,VM,15,4,4,79.90364583333333,6.483521791675701,0.0811417517193061,12.515073493465438,376
P01_iEMG_Ramps,VM_15.mat,VM,15,4,5,75.51952141057934,9.169196205773995,0.12141491411106195,13.241609339170315,398
P01_iEMG_Ramps,VM_15.mat,VM,15,4,6,79.65926516909815,7.359034056703429,0.09238139519718022,12.55346754551692,378
P01_iEMG_Ramps,VM_15.mat,VM,15,4,7,94.41172121451105,11.061313538251873,0.11716038428236762,10.591905190754009,318
P01_iEMG_Ramps,VM_15.mat,VM,15,4,8,117.57467830882354,16.6474512244667,0.14159044671795942,8.505232711531509,256
P01_iEMG_Ramps,VM_15.mat,VM,15,4,9,88.24333639705883,9.362465580452048,0.10609827282963091,11.332300441366021,341
P01_iEMG_Ramps,VM_15.mat,VM,15,4,10,123.89418658088235,27.504415258350964,0.2219992399755992,8.071403732467834,239
P01_iEMG_Ramps,VM_30.mat,VM,30,2,1,110.78993055555556,10.51435561427091,0.09490353104787344,9.026091044425291,181
P01_iEMG_Ramps,VM_30.mat,VM,30,2,2,102.93975515463917,11.431514799575883,0.11105053419257817,9.7144198419529,195
P01_iEMG_Ramps,VM_30.mat,VM,30,2,3,95.26134672619048,13.052694894644802,0.13701984428334968,10.497437149133512,211
P01_iEMG_Ramps,VM_30.mat,VM,30,2,4,69.14569366349481,7.309284129893355,0.10570845041290347,14.4622166185303,290
P01_iEMG_Ramps,VM_30.mat,VM,30,2,5,75.23973507988721,7.407238115180246,0.09844848745567047,13.290849561581139,267
P01_iEMG_Ramps,VM_30.mat,VM,30,2,6,97.57008272058823,12.600660199157081,0.12914471165553518,10.249043273476598,205
P01_iEMG_Ramps,VM_30.mat,VM,30,2,7,93.01553415697674,10.00724808327265,0.1075868474440411,10.750892408061217,216
P01_iEMG_Ramps,VM_30.mat,VM,30,2,8,83.28898111979167,7.07068088150223,0.08489335307551323,12.006390119741463,241
P01_iEMG_Ramps,VM_30.mat,VM,30,2,9,64.90399249188312,7.594819392455444,0.11701621272998347,15.407372668562106,309
P01_iEMG_Ramps,VM_30.mat,VM,30,3,1,123.84874805900621,18.417430459639508,0.148709056395667,8.074365027279583,162
P01_iEMG_Ramps,VM_30.mat,VM,30,3,2,110.7861328125,11.934138381164798,0.1077223121540196,9.026400458371898,181
P01_iEMG_Ramps,VM_30.mat,VM,30,3,3,104.55763252617801,18.082493948019973,0.17294284033729124,9.564103316413853,192
P01_iEMG_Ramps,VM_30.mat,VM,30,3,4,74.05707465277777,7.039767074097885,0.09505867072260642,13.503098855694423,271
P01_iEMG_Ramps,VM_30.mat,VM,30,3,5,79.28951202876983,8.030760707373863,0.10128402233652212,12.612008504191003,253
P01_iEMG_Ramps,VM_30.mat,VM,30,3,6,105.79788773148148,11.59679012272951,0.10961268104106714,9.451984547536837,190
P01_iEMG_Ramps,VM_30.mat,VM,30,3,7,98.37126779084159,12.968554151896988,0.13183274388077335,10.165569911391348,203
P01_iEMG_Ramps,VM_30.mat,VM,30,3,8,87.8966478524229,7.338711273663595,0.08349250458316881,11.376998149906518,228
P01_iEMG_Ramps,VM_30.mat,VM,30,3,9,68.7976535652921,9.481404683019536,0.13781581480858576,14.535379452308714,292
P01_iEMG_Ramps,VM_30.mat,VM,30,4,1,119.14411272321429,14.125110945915502,0.11855483769248243,8.393196920464858,169
P01_iEMG_Ramps,VM_30.mat,VM,30,4,2,107.56915118243244,11.984356791679657,0.11141072193973835,9.296345550817307,186
P01_iEMG_Ramps,VM_30.mat,VM,30,4,3,101.7226165926396,13.939369800201742,0.137033142354405,9.830655497239318,198
P01_iEMG_Ramps,VM_30.mat,VM,30,4,4,70.60408844964664,6.717828123484443,0.09514786283623586,14.163485740817674,284
P01_iEMG_Ramps,VM_30.mat,VM,30,4,5,77.20521438953489,7.218268290542156,0.09349456960410418,12.952493013678481,259
P01_iEMG_Ramps,VM_30.mat,VM,30,4,6,101.7319036989796,10.951486889837266,0.10765046648731015,9.829758056616711,197
P01_iEMG_Ramps,VM_30.mat,VM,30,4,7,97.03410823170732,9.414929774229982,0.09702701396243177,10.30565456027178,206
P01_iEMG_Ramps,VM_30.mat,VM,30,4,8,86.19931977370689,6.010027540269701,0.06972244741660852,11.601019620865117,233
P01_iEMG_Ramps,VM_30.mat,VM,30,4,9,67.15505715184564,7.566328619463882,0.11266952840730231,14.890911309015493,299
P02_iEMG_Ramps,VL_05.mat,VL,5,1,1,127.3017640326433,11.226731929720714,0.08818991641656987,7.855350690533836,315
P02_iEMG_Ramps,VL_05.mat,VL,5,1,2,130.97726922286185,10.740963725170657,0.08200631902696472,7.634912576307186,305
P02_iEMG_Ramps,VL_05.mat,VL,5,1,3,142.81821130415162,14.617915766978351,0.10235330378033812,7.001908166111662,278
P02_iEMG_Ramps,VL_05.mat,VL,5,1,4,134.92885044642858,25.009877958734663,0.1853560441372355,7.411313419564295,281
P02_iEMG_Ramps,VL_05.mat,VL,5,1,5,121.7892530487805,8.350112757443119,0.06856198349536335,8.210905108347022,329
P02_iEMG_Ramps,VL_05.mat,VL,5,1,6,119.80896912537537,7.226724743167371,0.06031872902274026,8.346620518481712,334
P02_iEMG_Ramps,VL_05.mat,VL,5,1,7,146.9767563215649,16.84163717639265,0.114587078922503,6.803796906581186,263
P02_iEMG_Ramps,VL_05.mat,VL,5,1,8,152.0527422188755,41.407947729312404,0.2723262147400595,6.576665342612033,250
P02_iEMG_Ramps,VL_05.mat,VL,5,1,9,125.81760153785488,8.446504914624153,0.06713293538728636,7.948013535285274,318
P02_iEMG_Ramps,VL_05.mat,VL,5,1,10,146.17412195796462,24.106004567210963,0.16491294248473845,6.841156195127142,227
P02_iEMG_Ramps,VL_05.mat,VL,5,1,11,146.26641219106463,14.613713958518241,0.09991161839280412,6.836839606715189,264
P02_iEMG_Ramps,VL_05.mat,VL,5,2,1,132.5595703125,10.163741368374662,0.07667301081630203,7.5437782247073475,301
P02_iEMG_Ramps,VL_05.mat,VL,5,2,2,146.50563595479704,14.534184751649647,0.0992056357213045,6.825675978148313,272
P02_iEMG_Ramps,VL_05.mat,VL,5,2,3,156.98828125,19.558759532825455,0.1245873856130612,6.369902212048073,251
P02_iEMG_Ramps,VL_05.mat,VL,5,2,4,148.82963905038758,15.819181522328583,0.10629053206917245,6.719091750679051,259
P02_iEMG_Ramps,VL_05.mat,VL,5,2,5,131.63060068294703,7.9726379481674,0.06056827141107371,7.597017675309839,303
P02_iEMG_Ramps,VL_05.mat,VL,5,2,6,125.8647353115142,8.746066840326085,0.06948782610696826,7.945037166486769,318
P02_iEMG_Ramps,VL_05.mat,VL,5,2,7,158.674609375,13.829434751046309,0.08715594010609998,6.302205525754111,251
P02_iEMG_Ramps,VL_05.mat,VL,5,2,8,155.92890625,20.271933334734744,0.13000753883460747,6.413179083015597,251
P02_iEMG_Ramps,VL_05.mat,VL,5,2,9,136.22180300767917,8.661091992036598,0.06358080572130109,7.340968757722488,294
P02_iEMG_Ramps,VL_05.mat,VL,5,2,10,147.97316511015325,18.245656045957766,0.12330381682635125,6.7579820926016305,262
P02_iEMG_Ramps,VL_05.mat,VL,5,2,11,164.30838448660714,16.229200897053445,0.09877281033322007,6.086116683117352,225
P02_iEMG_Ramps,VL_05.mat,VL,5,3,1,142.08176427607913,14.707641218181182,0.10351533353430746,7.038200891543687,279
P02_iEMG_Ramps,VL_05.mat,VL,5,3,2,146.41987142527674,12.992003168692767,0.0887311472290361,6.829674075423127,272
P02_iEMG_Ramps,VL_05.mat,VL,5,3,3,167.2076905327004,25.62418165384997,0.15324762618402835,5.980586160924412,238
P02_iEMG_Ramps,VL_05.mat,VL,5,3,4,153.73722956730768,22.210568582482747,0.14447098237033562,6.504605311377685,261
P02_iEMG_Ramps,VL_05.mat,VL,5,3,5,140.91659330985917,9.435983565826096,0.0669614794410866,7.096396361222816,285
P02_iEMG_Ramps,VL_05.mat,VL,5,3,6,131.56995271381578,8.55463936825635,0.06501970390506989,7.60051956676726,305
P02_iEMG_Ramps,VL_05.mat,VL,5,3,7,163.9913676697531,17.298788685045484,0.10548597118771459,6.097881944699715,244
P02_iEMG_Ramps,VL_05.mat,VL,5,3,8,156.88727458003953,33.52447083629213,0.21368508648028606,6.374003262385871,254
P02_iEMG_Ramps,VL_05.mat,VL,5,3,9,141.41075188386526,11.37693811481043,0.0804531336072227,7.071598069298565,283
P02_iEMG_Ramps,VL_05.mat,VL,5,3,10,152.76031494140625,20.61966496296214,0.13498050832685934,6.546202790846344,257
P02_iEMG_Ramps,VL_05.mat,VL,5,3,11,163.31740359042553,19.994078623478035,0.1224246662261424,6.1230461543941965,236
P02_iEMG_Ramps,VL_05.mat,VL,5,4,1,145.57553033759123,15.837980387080904,0.10879562211006517,6.869286326355735,275
P02_iEMG_Ramps,VL_05.mat,VL,5,4,2,148.27921700743494,15.149188322512291,0.10216663284479502,6.744033453790483,270
P02_iEMG_Ramps,VL_05.mat,VL,5,4,3,169.67375268240343,18.15536453452688,0.1070016089554536,5.8936634817749765,234
P02_iEMG_Ramps,VL_05.mat,VL,5,4,4,160.70033482142858,20.37182730038228,0.1267690407927252,6.222762392568799,246
P02_iEMG_Ramps,VL_05.mat,VL,5,4,5,140.57634441254416,10.278649090222935,0.0731179142065223,7.113572373637326,284
P02_iEMG_Ramps,VL_05.mat,VL,5,4,6,130.2179074754902,9.291152250954724,0.07135080290476575,7.679435335637086,307
P02_iEMG_Ramps,VL_05.mat,VL,5,4,7,172.32973845108697,18.289559264103882,0.10613118448673953,5.8028289776801,231
P02_iEMG_Ramps,VL_05.mat,VL,5,4,8,163.18037872942386,22.81162987082987,0.1397939510157332,6.128187762440124,244
P02_iEMG_Ramps,VL_05.mat,VL,5,4,9,142.29387555803572,11.481569009063803,0.08068912990131434,7.027709352059512,281
P02_iEMG_Ramps,VL_05.mat,VL,5,4,10,160.05939094387756,24.685553596866608,0.15422746176462854,6.24768090208862,246
P02_iEMG_Ramps,VL_05.mat,VL,5,4,11,164.7808527542373,21.142114725490732,0.12830443811953796,6.068666251481608,237
P02_iEMG_Ramps,VL_15.mat,VL,15,1,1,119.89206827309236,7.392419570321381,0.061658954397907216,8.340835339683869,250
P02_iEMG_Ramps,VL_15.mat,VL,15,1,2,123.1835133744856,7.399044649279751,0.06006521852308427,8.11796946365653,244
P02_iEMG_Ramps,VL_15.mat,VL,15,1,3,117.14077818627452,9.032834396812783,0.0771109304263711,8.53673686894775,256
P02_iEMG_Ramps,VL_15.mat,VL,15,1,4,146.78073067196533,15.146506324661457,0.10319138115282862,6.812883376598403,174
P02_iEMG_Ramps,VL_15.mat,VL,15,1,5,115.06760817307692,6.838056056435326,0.05942642038887246,8.69054302837222,261
P02_iEMG_Ramps,VL_15.mat,VL,15,1,6,123.30231469524793,7.354210879194866,0.059643737405671735,8.110147830327309,243
P02_iEMG_Ramps,VL_15.mat,VL,15,1,7,129.0203226023707,10.021389833344257,0.07767295594376476,7.75071694001194,233
P02_iEMG_Ramps,VL_15.mat,VL,15,1,8,128.3422009698276,14.17121278804602,0.11041740503871816,7.791669399803214,233
P02_iEMG_Ramps,VL_15.mat,VL,15,1,9,121.83649326727642,23.840739296342644,0.1956781474663957,8.207721456708947,247
P02_iEMG_Ramps,VL_15.mat,VL,15,1,10,135.21281108597285,21.66375379949388,0.16021968351593058,7.395748908468196,222
P02_iEMG_Ramps,VL_15.mat,VL,15,1,11,127.28365384615384,21.48069776493621,0.16876242247806353,7.856468366383381,235
P02_iEMG_Ramps,VL_15.mat,VL,15,2,1,118.40704055059524,7.970084009634974,0.06731089614750875,8.445443745152136,253
P02_iEMG_Ramps,VL_15.mat,VL,15,2,2,120.95378922064778,6.288598131811581,0.05199174141076075,8.267620274183953,248
P02_iEMG_Ramps,VL_15.mat,VL,15,2,3,113.56977982954545,9.852055700327112,0.08674891960796137,8.80515927301153,265
P02_iEMG_Ramps,VL_15.mat,VL,15,2,4,142.88994817450495,15.61087012170489,0.10925100275521164,6.9983929084972845,203
P02_iEMG_Ramps,VL_15.mat,VL,15,2,5,113.46250591856061,6.063905950065822,0.053444139109868415,8.813484171747138,265
P02_iEMG_Ramps,VL_15.mat,VL,15,2,6,117.48162217027559,6.236814767028627,0.05308757788506792,8.511969630029618,255
P02_iEMG_Ramps,VL_15.mat,VL,15,2,7,124.03113654045643,8.21186016401558,0.06620805382475099,8.062491628251914,242
P02_iEMG_Ramps,VL_15.mat,VL,15,2,8,124.82828776041667,12.36582264719088,0.09906266335179284,8.011004700467439,241
P02_iEMG_Ramps,VL_15.mat,VL,15,2,9,116.72706604003906,6.729341695965173,0.05765022564395572,8.566993362593262,257
P02_iEMG_Ramps,VL_15.mat,VL,15,2,10,134.35222813901345,9.842583781986136,0.0732595500522855,7.443121813843727,224
P02_iEMG_Ramps,VL_15.mat,VL,15,2,11,121.22303580465586,9.322826861789949,0.07690639654341905,8.249257192432006,248
P02_iEMG_Ramps,VL_15.mat,VL,15,3,1,118.81549169146825,7.696037311085776,0.06477301235322332,8.416410905378651,253
P02_iEMG_Ramps,VL_15.mat,VL,15,3,2,122.99302340534979,7.143477606515009,0.05808034804520702,8.13054246747221,244
P02_iEMG_Ramps,VL_15.mat,VL,15,3,3,113.94844346374046,9.512322396327276,0.08347917801399536,8.775898727552255,263
P02_iEMG_Ramps,VL_15.mat,VL,15,3,4,142.57061298076923,13.637660497808064,0.09565548055578321,7.014068180620686,209
P02_iEMG_Ramps,VL_15.mat,VL,15,3,5,114.30328602099236,5.826398358660143,0.05097314837991706,8.748654870834992,263
P02_iEMG_Ramps,VL_15.mat,VL,15,3,6,118.34077380952381,6.87391698418764,0.058085787027652866,8.450172901603269,253
P02_iEMG_Ramps,VL_15.mat,VL,15,3,7,124.8688382583682,9.88311472091493,0.07914796724916759,8.008403168858537,240
P02_iEMG_Ramps,VL_15.mat,VL,15,3,8,124.64558919270833,12.883477583178802,0.10336087836417782,8.022746785319052,241
P02_iEMG_Ramps,VL_15.mat,VL,15,3,9,118.07755597933071,6.652340226345215,0.056338735767106296,8.469009979974928,255
P02_iEMG_Ramps,VL_15.mat,VL,15,3,10,133.63255092075892,8.576342399202899,0.06417854287828777,7.483206697094164,225
P02_iEMG_Ramps,VL_15.mat,VL,15,3,11,122.28077168367346,10.235088695876177,0.08370153831178949,8.177900631727178,246
P02_iEMG_Ramps,VL_15.mat,VL,15,4,1,122.11535395408163,7.552768801535702,0.06184946083336686,8.188978434079834,246
P02_iEMG_Ramps,VL_15.mat,VL,15,4,2,124.05869100103735,7.341898702867845,0.05918084935142879,8.060700882227092,242
P02_iEMG_Ramps,VL_15.mat,VL,15,4,3,116.07921511627907,9.955385556566776,0.08576372218397799,8.61480669901393,259
P02_iEMG_Ramps,VL_15.mat,VL,15,4,4,147.48354756773398,15.132228842306317,0.102602826497353,6.780417317672233,204
P02_iEMG_Ramps,VL_15.mat,VL,15,4,5,116.06975230135659,6.591850820703206,0.056792150323441,8.615509038079615,259
P02_iEMG_Ramps,VL_15.mat,VL,15,4,6,122.01490752551021,6.325108165437692,0.05183881456546835,8.195719853255845,246
P02_iEMG_Ramps,VL_15.mat,VL,15,4,7,128.87341729525863,9.816550809430714,0.07617203776741842,7.759552132531143,233
P02_iEMG_Ramps,VL_15.mat,VL,15,4,8,126.73463983050847,14.11292840299704,0.11135809769034966,7.890502559816111,237
P02_iEMG_Ramps,VL_15.mat,VL,15,4,9,120.84882182459677,7.304308623341204,0.06044170322109449,8.274801399813619,249
P02_iEMG_Ramps,VL_15.mat,VL,15,4,10,135.77192826704547,8.709274725368749,0.06414635806187237,7.365292757963428,221
P02_iEMG_Ramps,VL_15.mat,VL,15,4,11,124.1445960840249,10.7471668542923,0.08656975167101341,8.05512307054565,242
P02_iEMG_Ramps,VL_30.mat,VL,30,2,1,107.79138513513513,6.216320749697138,0.05766992178367414,9.277179236043095,186
P02_iEMG_Ramps,VL_30.mat,VL,30,2,2,114.52889278017241,7.726174873163315,0.06746048691829223,8.731421178753621,175
P02_iEMG_Ramps,VL_30.mat,VL,30,2,3,97.72913490853658,6.857248500269431,0.07016585695439789,10.23236316310266,206
P02_iEMG_Ramps,VL_30.mat,VL,30,2,4,130.84138569078948,12.636396321840442,0.09657797687731134,7.642841710368668,153
P02_iEMG_Ramps,VL_30.mat,VL,30,2,5,138.140869140625,11.441036918655314,0.08282152117494308,7.2389873194008745,145
P02_iEMG_Ramps,VL_30.mat,VL,30,2,6,115.11978414017341,8.805282172500432,0.07648800107007539,8.686604196393985,174
P02_iEMG_Ramps,VL_30.mat,VL,30,2,7,162.61846823770492,11.650621028751237,0.07164389847603982,6.149363051054362,123
P02_iEMG_Ramps,VL_30.mat,VL,30,2,8,137.29862607758622,17.047683991063174,0.12416500061282246,7.283394077337008,146
P02_iEMG_Ramps,VL_30.mat,VL,30,2,9,155.19332885742188,18.168013906222843,0.11706697729845097,6.443575940810658,129
P02_iEMG_Ramps,VL_30.mat,VL,30,2,10,148.04760377798507,18.095020610439285,0.1222243396629027,6.754584164020773,135
P02_iEMG_Ramps,VL_30.mat,VL,30,2,11,124.22238936335404,8.560233433962503,0.06891055209800849,8.050078614048966,162
P02_iEMG_Ramps,VL_30.mat,VL,30,2,12,194.07946654040404,30.28726209251946,0.15605598383182986,5.152528589580686,100
P02_iEMG_Ramps,VL_30.mat,VL,30,2,13,166.59499737394958,27.850131956054167,0.16717267862215582,6.002581204496419,120
P02_iEMG_Ramps,VL_30.mat,VL,30,2,14,106.61555815508021,10.395571616697485,0.09750520277327965,9.379494112345462,188
P02_iEMG_Ramps,VL_30.mat,VL,30,2,15,150.5511659564394,16.347572158562425,0.10858482599392451,6.642260082458217,133
P02_iEMG_Ramps,VL_30.mat,VL,30,2,16,176.96271623883928,16.98941092430977,0.09600559533331225,5.650907836712572,113
P02_iEMG_Ramps,VL_30.mat,VL,30,2,17,169.2242121292373,15.09609752499436,0.08920766913345357,5.909319874606924,119
P02_iEMG_Ramps,VL_30.mat,VL,30,2,18,144.7450958029197,8.471363342613339,0.058526081976191274,6.908696936865951,138
P02_iEMG_Ramps,VL_30.mat,VL,30,2,19,108.0513332201087,7.991483531367358,0.07396006410293988,9.254860353855372,185
P02_iEMG_Ramps,VL_30.mat,VL,30,2,20,109.5204112293956,7.215080429419468,0.06587886539530194,9.130718089666896,183
P02_iEMG_Ramps,VL_30.mat,VL,30,2,21,125.26410180817611,7.181499405447062,0.05733086576108207,7.983133120862957,160
P02_iEMG_Ramps,VL_30.mat,VL,30,3,1,106.25051944813829,6.061390513058549,0.05704810239555733,9.411718692708206,189
P02_iEMG_Ramps,VL_30.mat,VL,30,3,2,112.46855137711864,6.516422145462523,0.05793994912953301,8.891374413162813,178
P02_iEMG_Ramps,VL_30.mat,VL,30,3,3,97.65672637195122,7.578113321272056,0.07759950187567036,10.23995004902415,206
P02_iEMG_Ramps,VL_30.mat,VL,30,3,4,127.19197850318471,14.075027123163485,0.11065970738721598,7.8621310224760865,158
P02_iEMG_Ramps,VL_30.mat,VL,30,3,5,139.567854020979,10.914123826671172,0.07819940990875038,7.164973675454564,144
P02_iEMG_Ramps,VL_30.mat,VL,30,3,6,116.59470942982456,8.520753165880635,0.0730801012117026,8.576718488259324,172
P02_iEMG_Ramps,VL_30.mat,VL,30,3,7,166.79361979166666,14.736540247718564,0.08835194215537272,5.995433166142977,121
P02_iEMG_Ramps,VL_30.mat,VL,30,3,8,136.9605334051724,7.532592485749284,0.05499827065849329,7.301373433189581,146
P02_iEMG_Ramps,VL_30.mat,VL,30,3,9,158.1294952876984,12.039768544631205,0.07613866421774276,6.323930890822203,127
P02_iEMG_Ramps,VL_30.mat,VL,30,3,10,149.78397253787878,18.88052861009161,0.12605172830034886,6.676281734663638,133
P02_iEMG_Ramps,VL_30.mat,VL,30,3,11,125.9753263449367,7.027068039940526,0.055781304512754405,7.938062388994103,159
P02_iEMG_Ramps,VL_30.mat,VL,30,3,12,195.4991957720588,27.514736500577488,0.14074091912203127,5.115110556086094,103
P02_iEMG_Ramps,VL_30.mat,VL,30,3,13,164.4022791838843,16.199960943489423,0.09853854231162898,6.08264073323155,122
P02_iEMG_Ramps,VL_30.mat,VL,30,3,14,104.36232002617801,5.974887959710983,0.05725139071469718,9.58200239079739,192
P02_iEMG_Ramps,VL_30.mat,VL,30,3,15,153.2970252403846,9.620670010371887,0.06275836073978437,6.52328379126668,131
P02_iEMG_Ramps,VL_30.mat,VL,30,3,16,189.19549851190476,22.513598510997433,0.11899648082578883,5.285538016841754,106
P02_iEMG_Ramps,VL_30.mat,VL,30,3,17,185.59068341121494,31.922605520610905,0.17200543116638944,5.388201506776561,108
P02_iEMG_Ramps,VL_30.mat,VL,30,3,18,146.57054227941177,17.61840616610138,0.12020427769527448,6.8226533411718595,137
P02_iEMG_Ramps,VL_30.mat,VL,30,3,19,106.55759107620321,13.273655983760484,0.12456790595301662,9.384596535078046,188
P02_iEMG_Ramps,VL_30.mat,VL,30,3,20,107.9308551290761,11.133163373748632,0.10315088637474723,9.265191115219881,185
P02_iEMG_Ramps,VL_30.mat,VL,30,3,21,127.3681640625,14.161031006254504,0.11118187272688988,7.851255510829979,157
P02_iEMG_Ramps,VM_05.mat,VM,5,1,1,119.71048138098803,10.860819710819138,0.09072572080178781,8.353487417842898,335
P02_iEMG_Ramps,VM_05.mat,VM,5,1,2,125.96208349763407,9.124219224364259,0.07243623613557994,7.938896946070147,318
P02_iEMG_Ramps,VM_05.mat,VM,5,1,3,118.61415578358209,11.315633106538092,0.09539867338586529,8.430696938268936,336
P02_iEMG_Ramps,VM_05.mat,VM,5,1,4,106.48567708333333,8.478762755275268,0.07962350418864292,9.390934324598623,376
P02_iEMG_Ramps,VM_05.mat,VM,5,1,5,109.86489540289256,8.66402969293903,0.07886076495286884,9.102088490894532,364
P02_iEMG_Ramps,VM_05.mat,VM,5,1,6,118.86695359281437,16.473816000544435,0.138590377751048,8.412767129757173,335
P02_iEMG_Ramps,VM_05.mat,VM,5,1,7,156.99356522302904,21.309037837674612,0.13573191874076146,6.369687818601831,242
P02_iEMG_Ramps,VM_05.mat,VM,5,1,8,150.00333867521368,14.423500168336181,0.09615452759732139,6.666518284404282,235
P02_iEMG_Ramps,VM_05.mat,VM,5,1,9,113.30239494301995,19.50436736699428,0.1721443520836702,8.825938767692444,352
P02_iEMG_Ramps,VM_05.mat,VM,5,1,10,123.7610052244582,7.610663858929668,0.061494845206910245,8.0800895095055,324
P02_iEMG_Ramps,VM_05.mat,VM,5,1,11,124.5829074182243,8.57489747866924,0.06882884383074593,8.026783294140056,322
P02_iEMG_Ramps,VM_05.mat,VM,5,1,12,147.8194962686567,14.414007476759156,0.0975108685972127,6.765007493886567,269
P02_iEMG_Ramps,VM_05.mat,VM,5,2,1,123.97097001164596,10.948380255571843,0.08831406461160497,8.06640457766894,323
P02_iEMG_Ramps,VM_05.mat,VM,5,2,2,132.56380208333334,8.325698559498475,0.06280521853367411,7.5435374082841395,301
P02_iEMG_Ramps,VM_05.mat,VM,5,2,3,128.03679435483872,11.230322328734898,0.08771167995358739,7.810254896171636,311
P02_iEMG_Ramps,VM_05.mat,VM,5,2,4,107.56664841644205,9.201831336756157,0.0855453941553655,9.296561849993882,372
P02_iEMG_Ramps,VM_05.mat,VM,5,2,5,115.32497516257226,13.66060802909941,0.11845316255080231,8.671148626655343,347
P02_iEMG_Ramps,VM_05.mat,VM,5,2,6,120.83751433486239,14.740131288747152,0.1219830726400049,8.27557572252621,328
P02_iEMG_Ramps,VM_05.mat,VM,5,2,7,157.8890306122449,12.814846303915951,0.0811636264674242,6.333562224825301,246
P02_iEMG_Ramps,VM_05.mat,VM,5,2,8,162.74171939566116,16.21802503695248,0.09965499379739788,6.144705879435737,243
P02_iEMG_Ramps,VM_05.mat,VM,5,2,9,122.07389621559633,13.949481877429713,0.11427080080079813,8.191759507977746,328
P02_iEMG_Ramps,VM_05.mat,VM,5,2,10,219.0451150412088,1171.407265481483,5.347789953047376,4.565269578423928,183
P02_iEMG_Ramps,VM_05.mat,VM,5,2,11,219.68417324862637,1174.4828909300415,5.346233520431292,4.551989272655775,183
P02_iEMG_Ramps,VM_05.mat,VM,5,2,12,256.08911758814105,1256.7896044435684,4.907625971302764,3.9048906467328464,157
P02_iEMG_Ramps,VM_05.mat,VM,5,3,1,134.8384533898305,13.388052500881733,0.09928957329535387,7.4162820386919375,296
P02_iEMG_Ramps,VM_05.mat,VM,5,3,2,141.32840302491104,11.901170434289627,0.08420933216228223,7.075718529301831,282
P02_iEMG_Ramps,VM_05.mat,VM,5,3,3,141.015625,14.718489492168773,0.1043748839333852,7.091412742382271,281
P02_iEMG_Ramps,VM_05.mat,VM,5,3,4,115.99113975947522,9.925248877485068,0.08556902620378194,8.621348165675826,344
P02_iEMG_Ramps,VM_05.mat,VM,5,3,5,122.67403308256173,10.971761466025388,0.08943833662533296,8.151684385618779,325
P02_iEMG_Ramps,VM_05.mat,VM,5,3,6,135.0519277943686,22.4082339157416,0.16592309552115836,7.404559241261701,294
P02_iEMG_Ramps,VM_05.mat,VM,5,3,7,179.28089488636363,27.1636645622056,0.15151455250947496,5.577839181547177,221
P02_iEMG_Ramps,VM_05.mat,VM,5,3,8,169.90302905701753,21.47131662277428,0.12637394837480356,5.885710252195747,229
P02_iEMG_Ramps,VM_05.mat,VM,5,3,9,133.61800020973155,15.730063117579347,0.11772413217447411,7.484021602107235,299
P02_iEMG_Ramps,VM_05.mat,VM,5,3,10,138.62202962239584,8.537536275195325,0.06158859669311895,7.213860615978454,289
P02_iEMG_Ramps,VM_05.mat,VM,5,3,11,137.66861753892732,10.070650279475473,0.0731513867103945,7.263819582681863,290
P02_iEMG_Ramps,VM_05.mat,VM,5,3,12,160.02063828441297,10.89981618975529,0.06811506507293442,6.249193920990668,248
P02_iEMG_Ramps,VM_05.mat,VM,5,4,1,136.45711124146757,15.845092754958237,0.11611775019126387,7.328309905597011,294
P02_iEMG_Ramps,VM_05.mat,VM,5,4,2,143.64426427607913,13.755885670363764,0.09576355686521144,6.9616423951187905,279
P02_iEMG_Ramps,VM_05.mat,VM,5,4,3,143.14446124551972,18.621890544463092,0.13009158986964253,6.985949657422033,280
P02_iEMG_Ramps,VM_05.mat,VM,5,4,4,117.07838847140762,11.375367537479725,0.09716026745839407,8.54128599698155,342
P02_iEMG_Ramps,VM_05.mat,VM,5,4,5,125.09979917711598,13.340649627606169,0.10664005630191709,7.993617948052838,320
P02_iEMG_Ramps,VM_05.mat,VM,5,4,6,136.8231411637931,22.90649870800308,0.16741684566780524,7.3087051758509505,291
P02_iEMG_Ramps,VM_05.mat,VM,5,4,7,182.92424128605768,22.44028799314367,0.12267530992817653,5.466744008172191,209
P02_iEMG_Ramps,VM_05.mat,VM,5,4,8,178.71993807603687,18.860277496675913,0.10552978979128651,5.595346611940674,218
P02_iEMG_Ramps,VM_05.mat,VM,5,4,9,134.74311440677965,17.146242182093886,0.12725134236047586,7.421529511193223,296
P02_iEMG_Ramps,VM_05.mat,VM,5,4,10,139.57099780701753,8.43116246804662,0.06040769644496091,7.1648122870245805,286
P02_iEMG_Ramps,VM_05.mat,VM,5,4,11,138.947770979021,9.362121234604672,0.06737870761538313,7.196948845987496,287
P02_iEMG_Ramps,VM_05.mat,VM,5,4,12,162.20503826530611,11.321702500784648,0.06979871045846692,6.165036614734359,246
P02_iEMG_Ramps,VM_15.mat,VM,15,1,1,112.01062558302239,6.973007581590655,0.06225309023403547,8.927724443952854,269
P02_iEMG_Ramps,VM_15.mat,VM,15,1,2,120.47040385584677,6.705789532464285,0.055663377209960556,8.300793954310855,249
P02_iEMG_Ramps,VM_15.mat,VM,15,1,3,118.2950458829365,16.04837357700589,0.13566395327228822,8.453439385699966,253
P02_iEMG_Ramps,VM_15.mat,VM,15,1,4,153.64348421391753,13.380745938346482,0.08708957627982776,6.508574087057944,195
P02_iEMG_Ramps,VM_15.mat,VM,15,1,5,138.22835286458334,9.48174453215301,0.06859478779611797,7.234405816726031,217
P02_iEMG_Ramps,VM_15.mat,VM,15,1,6,178.431396484375,70.38352218127865,0.3944570494209075,5.604394852604142,161
P02_iEMG_Ramps,VM_15.mat,VM,15,1,7,156.7518789556962,10.605375573289741,0.06765708739151514,6.379508856047821,159
P02_iEMG_Ramps,VM_15.mat,VM,15,1,8,166.93880208333334,10.431842704783246,0.06248902337022778,5.990219095383319,151
P02_iEMG_Ramps,VM_15.mat,VM,15,1,9,127.55045572916667,5.54129091102717,0.04344391307227651,7.84003470848699,181
P02_iEMG_Ramps,VM_15.mat,VM,15,1,10,122.88089956275721,5.800631017418969,0.04720531049218512,8.137961258082134,244
P02_iEMG_Ramps,VM_15.mat,VM,15,1,11,116.71638488769531,6.0625981055135245,0.05194299079214085,8.567777360155574,257
P02_iEMG_Ramps,VM_15.mat,VM,15,1,12,130.32693614130434,7.138813231829823,0.054776191654576374,7.673010887908623,231
P02_iEMG_Ramps,VM_15.mat,VM,15,1,13,158.96898352581522,42.067588898382866,0.26462765229640817,6.2905352844355855,185
P02_iEMG_Ramps,VM_15.mat,VM,15,1,14,167.0936627094972,10.770961589387102,0.06446062295081229,5.984667424153378,180
P02_iEMG_Ramps,VM_15.mat,VM,15,1,15,166.65775576117318,16.53486587558827,0.09921449979971741,6.000320809749998,180
P02_iEMG_Ramps,VM_15.mat,VM,15,2,1,108.33828691123189,6.760763779588001,0.06240419682034943,9.230347170057806,277
P02_iEMG_Ramps,VM_15.mat,VM,15,2,2,113.74985147338403,6.366244329960792,0.05596705619831433,8.791220270155579,264
P02_iEMG_Ramps,VM_15.mat,VM,15,2,3,109.91139131433823,12.940363519775065,0.11773450745215852,9.098238026485134,273
P02_iEMG_Ramps,VM_15.mat,VM,15,2,4,144.38971920289856,9.69433334053785,0.06714005258861422,6.925700842971966,208
P02_iEMG_Ramps,VM_15.mat,VM,15,2,5,133.25151715959822,8.472805321961694,0.06358505706027821,7.504604985489797,225
P02_iEMG_Ramps,VM_15.mat,VM,15,2,6,162.12820030120483,22.872072862896367,0.1410739946561067,6.167958431304246,167
P02_iEMG_Ramps,VM_15.mat,VM,15,2,7,158.22895998677248,13.86298917487581,0.08761347591512147,6.319955588936421,190
P02_iEMG_Ramps,VM_15.mat,VM,15,2,8,163.25189976092895,11.172349832055506,0.06843626229413952,6.125502989333848,184
P02_iEMG_Ramps,VM_15.mat,VM,15,2,9,123.7881747159091,5.908336524559507,0.047729409841602385,8.078316061247175,243
P02_iEMG_Ramps,VM_15.mat,VM,15,2,10,123.57672068698348,42.51857496355863,0.344066218355616,8.092138992205282,243
P02_iEMG_Ramps,VM_15.mat,VM,15,2,11,117.75113804133858,40.89274114782785,0.3472810694489572,8.49248692313218,255
P02_iEMG_Ramps,VM_15.mat,VM,15,2,12,131.00308747270742,45.83147423466869,0.34985033649849673,7.633407878332146,230
P02_iEMG_Ramps,VM_15.mat,VM,15,2,13,151.85341282894737,54.57952635248442,0.3594224544295529,6.585298159392917,191
P02_iEMG_Ramps,VM_15.mat,VM,15,2,14,170.71428571428572,53.21201498832107,0.3117021798479058,5.857740585774058,176
P02_iEMG_Ramps,VM_15.mat,VM,15,2,15,162.65550696331522,45.08517687499833,0.2771819885887214,6.147962762954817,185
P02_iEMG_Ramps,VM_15.mat,VM,15,3,1,109.88733628216912,6.738563515616492,0.06132247576111212,9.100229688270868,273
P02_iEMG_Ramps,VM_15.mat,VM,15,3,2,115.04845252403847,6.177079503091928,0.05369111333158763,8.691990009957395,261
P02_iEMG_Ramps,VM_15.mat,VM,15,3,3,111.54703473513011,13.548707011749853,0.12146183037425813,8.96482817651328,270
P02_iEMG_Ramps,VM_15.mat,VM,15,3,4,146.45182291666666,9.578835878404117,0.06540605427529995,6.828184040897978,205
P02_iEMG_Ramps,VM_15.mat,VM,15,3,5,135.2371903153153,9.769788789578831,0.07224187937356477,7.394415675661611,223
P02_iEMG_Ramps,VM_15.mat,VM,15,3,6,165.64778645833334,20.65664285173039,0.12470219671137177,6.036905299978383,181
P02_iEMG_Ramps,VM_15.mat,VM,15,3,7,157.62502411265433,10.105701974528772,0.06411229455106217,6.344170322126655,163
P02_iEMG_Ramps,VM_15.mat,VM,15,3,8,163.08780354299364,9.6066533735511,0.05890479339872015,6.131666367904558,158
P02_iEMG_Ramps,VM_15.mat,VM,15,3,9,125.0562118902439,10.703644993531727,0.08559067024136174,7.996404056102819,206
P02_iEMG_Ramps,VM_15.mat,VM,15,3,10,122.15800382653062,16.155732009601074,0.1322527505651032,8.18611935915424,246
P02_iEMG_Ramps,VM_15.mat,VM,15,3,11,114.85276442307692,5.68162952292514,0.04946880949243875,8.706799570938964,261
P02_iEMG_Ramps,VM_15.mat,VM,15,3,12,125.7012375262605,10.139004330810488,0.08065954266116376,7.955371161648969,239
P02_iEMG_Ramps,VM_15.mat,VM,15,3,13,148.16347947761193,21.43477789013158,0.1446697793930417,6.749301538582616,202
P02_iEMG_Ramps,VM_15.mat,VM,15,3,14,164.66346153846155,15.145349386393873,0.09197759627357446,6.072992700729927,183
P02_iEMG_Ramps,VM_15.mat,VM,15,3,15,164.4053700206044,15.634426548237121,0.09509681190022995,6.082526379002542,183
P02_iEMG_Ramps,VM_15.mat,VM,15,4,1,114.36963263358778,11.010714275489198,0.0962730579957778,8.743579715812801,263
P02_iEMG_Ramps,VM_15.mat,VM,15,4,2,119.430859375,7.366681088854911,0.06168155472886892,8.373045335461482,251
P02_iEMG_Ramps,VM_15.mat,VM,15,4,3,114.7951089559387,13.33767706315568,0.11618680607964771,8.711172532479807,262
P02_iEMG_Ramps,VM_15.mat,VM,15,4,4,149.96221341080403,9.3674601128673,0.062465469799423634,6.668346493797183,200
P02_iEMG_Ramps,VM_15.mat,VM,15,4,5,138.1669426843318,10.60862463834799,0.07678120708355961,7.2376212469627195,218
P02_iEMG_Ramps,VM_15.mat,VM,15,4,6,175.8484604779412,21.361389294293016,0.12147612345444807,5.686714556852445,171
P02_iEMG_Ramps,VM_15.mat,VM,15,4,10,123.88039743257261,9.79213035831729,0.07904503506010377,8.072302161803236,242
P02_iEMG_Ramps,VM_15.mat,VM,15,4,11,118.95035032242063,6.748423199221314,0.056733109073906794,8.406868893529545,253
P02_iEMG_Ramps,VM_15.mat,VM,15,4,12,128.23439176502146,14.08633304619545,0.10984832424680151,7.7982200113087785,234
P02_iEMG_Ramps,VM_15.mat,VM,15,4,13,150.79456676136363,14.003666241818463,0.09286585413902633,6.6315386653321955,199
P02_iEMG_Ramps,VM_15.mat,VM,15,4,14,167.99026747881356,11.061425929528893,0.0658456355569761,5.952725803750012,178
P02_iEMG_Ramps,VM_15.mat,VM,15,4,15,167.3948823735955,22.829441605222296,0.13638076195346915,5.973898280642645,179
P02_iEMG_Ramps,VM_30.mat,VM,30,2,1,116.953125,7.977009049496358,0.06820689100437767,8.550434201736808,171
P02_iEMG_Ramps,VM_30.mat,VM,30,2,2,104.37723795572917,6.424231604873126,0.061548204672726786,9.580632900289453,193
P02_iEMG_Ramps,VM_30.mat,VM,30,2,3,122.50287576687117,6.12194633207489,0.049973898928913685,8.1630736726789,164
P02_iEMG_Ramps,VM_30.mat,VM,30,2,4,136.91271551724137,7.277079682785791,0.05315123328971874,7.303923497697848,146
P02_iEMG_Ramps,VM_30.mat,VM,30,2,5,137.58957435344828,10.430804272098303,0.07581100763712686,7.2679925401261904,146
P02_iEMG_Ramps,VM_30.mat,VM,30,2,6,133.76743393456377,9.11817147921759,0.06816435967275869,7.47566108272047,150
P02_iEMG_Ramps,VM_30.mat,VM,30,2,7,150.1196839755639,13.05103902954079,0.08693755997824512,6.661351619703499,134
P02_iEMG_Ramps,VM_30.mat,VM,30,2,8,136.47728488869862,6.825372477380112,0.05001105116464188,7.327226657648783,147
P02_iEMG_Ramps,VM_30.mat,VM,30,2,9,131.0739617598684,6.581681210540574,0.050213491086798914,7.6292803435058385,153
P02_iEMG_Ramps,VM_30.mat,VM,30,2,10,137.68039279513889,11.096998282087926,0.08059969946918781,7.263198337093263,145
P02_iEMG_Ramps,VM_30.mat,VM,30,2,11,108.54704483695652,4.980634801587808,0.04588457298924156,9.212595345198514,185
P02_iEMG_Ramps,VM_30.mat,VM,30,2,12,101.68147208121827,6.100042096204077,0.05999167765128003,9.834633385335414,198
P02_iEMG_Ramps,VM_30.mat,VM,30,2,13,131.07331928453948,7.133179925490143,0.05442129614498536,7.6293177395558125,153
P02_iEMG_Ramps,VM_30.mat,VM,30,2,14,109.98899343922652,6.156804281033201,0.055976549002924474,9.09181881505754,182
P02_iEMG_Ramps,VM_30.mat,VM,30,2,15,133.255859375,12.579174457626399,0.09439865921562896,7.504360443812567,151
P02_iEMG_Ramps,VM_30.mat,VM,30,2,16,127.62858072916667,10.78970948755669,0.08453991594917848,7.835235605432634,157
P02_iEMG_Ramps,VM_30.mat,VM,30,2,17,137.67971462673611,11.01805473444083,0.08002671101049207,7.2632341133993705,145
P02_iEMG_Ramps,VM_30.mat,VM,30,2,18,140.40768045774647,10.762614585843183,0.07665260583150241,7.122117513371604,143
P02_iEMG_Ramps,VM_30.mat,VM,30,3,1,116.50561951754386,8.12932974567132,0.06977628872611741,8.58327696244228,172
P02_iEMG_Ramps,VM_30.mat,VM,30,3,2,103.46198996113989,6.068772685584498,0.05865702648734976,9.665385330164227,194
P02_iEMG_Ramps,VM_30.mat,VM,30,3,3,121.85475419207317,7.3108003640686325,0.05999602077523382,8.206491462973641,165
P02_iEMG_Ramps,VM_30.mat,VM,30,3,4,138.04552801724137,7.793573739578657,0.05645654626787526,7.243986924915842,146
P02_iEMG_Ramps,VM_30.mat,VM,30,3,5,139.24620301573427,19.28627469989004,0.13850485171010923,7.181524367217424,144
P02_iEMG_Ramps,VM_30.mat,VM,30,3,6,138.81971571180554,10.929789087307183,0.07873369449911422,7.203587724354904,145
P02_iEMG_Ramps,VM_30.mat,VM,30,3,7,156.29075418307087,14.27647327218357,0.09134560356309274,6.3983311439437545,128
P02_iEMG_Ramps,VM_30.mat,VM,30,3,8,140.09915865384616,7.179434928869048,0.05124538218397038,7.137801608579088,144
P02_iEMG_Ramps,VM_30.mat,VM,30,3,9,133.30209207214764,7.170716365394541,0.05379297694377898,7.501757732795115,150
P02_iEMG_Ramps,VM_30.mat,VM,30,3,10,134.2026268875839,11.878387977192164,0.08851084552273487,7.451418971386152,150
P02_iEMG_Ramps,VM_30.mat,VM,30,3,11,106.55803274601064,5.516224298186086,0.05176732486545088,9.38455763709131,189
P02_iEMG_Ramps,VM_30.mat,VM,30,3,12,102.25456393494898,7.055820173919752,0.06900249634244625,9.77951459101784,197
P02_iEMG_Ramps,VM_30.mat,VM,30,3,13,133.21223958333334,8.918643625301208,0.06695063196292851,7.5068177153078475,151
P02_iEMG_Ramps,VM_30.mat,VM,30,3,14,108.40582770270271,6.237479129980275,0.057538227069177814,9.224596326522661,186
P02_iEMG_Ramps,VM_30.mat,VM,30,3,15,130.30981924019608,9.607098227295614,0.07372505221258227,7.674018779480699,154
P02_iEMG_Ramps,VM_30.mat,VM,30,3,16,129.12692775974025,8.744863762752717,0.06772300645937948,7.744318070206456,155
P02_iEMG_Ramps,VM_30.mat,VM,30,3,17,134.2026268875839,12.348181884618844,0.09201147675717566,7.451418971386152,150
P02_iEMG_Ramps,VM_30.mat,VM,30,3,18,143.29684689748203,12.22200917438356,0.08529154296833534,6.978520614032937,140
